:START_ID,:END_ID,:TYPE
e42,e42,中文名
e42,e1187,朝代
e42,e42,中文名
e42,e1187,朝代
e899,e899,中文名
e899,e699,朝代
e198,e198,中文名
e198,e699,朝代
e773,e773,中文名
e773,e1251,朝代
e717,e717,中文名
e717,e279,朝代
e327,e327,中文名
e327,e836,朝代
e1051,e1051,中文名
e1051,e836,朝代
e256,e256,中文名
e256,e836,朝代
e87,e87,中文名
e87,e279,朝代
e300,e300,中文名
e300,e279,朝代
e300,e300,中文名
e300,e279,朝代
e970,e970,中文名
e970,e1314,朝代
e970,e979,意义
e435,e435,中文名
e435,e836,朝代
e435,e97,类型
e435,e118,窑口
e435,e218,纹饰
e435,e783,意义
e759,e759,中文名
e759,e1314,朝代
e759,e343,纹饰
e600,e600,中文名
e600,e91,朝代
e600,e54,类型
e600,e777,窑口
e600,e979,意义
e708,e708,中文名
e708,e836,朝代
e708,e106,类型
e708,e447,窑口
e708,e797,纹饰
e1399,e1399,中文名
e1399,e836,朝代
e1399,e911,类型
e1399,e447,窑口
e755,e755,中文名
e755,e836,朝代
e755,e97,类型
e755,e447,窑口
e755,e797,纹饰
e215,e215,中文名
e215,e836,朝代
e215,e159,类型
e215,e777,窑口
e215,e783,意义
e477,e477,中文名
e477,e836,朝代
e477,e39,类型
e477,e531,窑口
e477,e845,纹饰
e1159,e1159,中文名
e1159,e91,朝代
e1159,e709,类型
e1159,e170,窑口
e554,e554,中文名
e554,e415,朝代
e554,e709,类型
e554,e170,窑口
e764,e764,中文名
e764,e424,朝代
e764,e709,类型
e764,e170,窑口
e604,e604,中文名
e604,e424,朝代
e604,e709,类型
e604,e170,窑口
e604,e385,意义
e377,e377,中文名
e377,e424,朝代
e377,e709,类型
e377,e170,窑口
e377,e1016,形状
e1263,e1263,中文名
e1263,e424,朝代
e1263,e709,类型
e1263,e170,窑口
e1263,e1016,形状
e109,e109,中文名
e109,e279,朝代
e109,e97,类型
e109,e298,窑口
e1121,e1121,中文名
e1121,e836,朝代
e1121,e106,类型
e1121,e184,窑口
e1121,e586,纹饰
e1121,e1016,形状
e1437,e1437,中文名
e1437,e1301,朝代
e1437,e106,类型
e1437,e186,窑口
e485,e485,中文名
e485,e424,朝代
e485,e106,类型
e352,e352,中文名
e352,e526,朝代
e352,e97,类型
e352,e797,纹饰
e352,e979,意义
e444,e444,中文名
e444,e424,朝代
e444,e39,类型
e444,e621,纹饰
e444,e979,意义
e813,e813,中文名
e813,e424,朝代
e813,e106,类型
e813,e979,意义
e813,e1016,形状
e707,e707,中文名
e707,e424,朝代
e707,e656,类型
e707,e621,纹饰
e23,e23,中文名
e23,e424,朝代
e23,e818,类型
e1369,e1369,中文名
e1369,e424,朝代
e1369,e106,类型
e999,e999,中文名
e999,e424,朝代
e999,e54,类型
e999,e621,纹饰
e1117,e1117,中文名
e1117,e320,朝代
e1117,e106,类型
e1117,e777,窑口
e1117,e797,纹饰
e1117,e979,意义
e78,e78,中文名
e78,e836,朝代
e78,e159,类型
e78,e777,窑口
e552,e552,中文名
e552,e424,朝代
e552,e106,类型
e437,e437,中文名
e437,e424,朝代
e437,e97,类型
e437,e621,纹饰
e1338,e1338,中文名
e1338,e984,朝代
e1338,e97,类型
e224,e224,中文名
e224,e424,朝代
e224,e106,类型
e224,e777,窑口
e224,e1311,纹饰
e224,e979,意义
e362,e362,中文名
e362,e424,朝代
e362,e97,类型
e362,e621,纹饰
e362,e979,意义
e362,e1016,形状
e1435,e1435,中文名
e1435,e1310,朝代
e1435,e106,类型
e1435,e766,窑口
e1151,e1151,中文名
e1151,e836,朝代
e1151,e39,类型
e1151,e5,窑口
e1151,e845,纹饰
e1255,e1255,中文名
e1255,e279,朝代
e1255,e1412,类型
e1255,e748,窑口
e1255,e920,纹饰
e1255,e1016,形状
e1255,e783,意义
e1111,e1111,中文名
e1111,e424,朝代
e1111,e656,类型
e1111,e206,纹饰
e1111,e783,意义
e694,e694,中文名
e694,e424,朝代
e694,e97,类型
e694,e160,纹饰
e694,e1016,形状
e678,e678,中文名
e678,e526,朝代
e678,e97,类型
e678,e160,纹饰
e678,e1016,形状
e436,e436,中文名
e436,e424,朝代
e436,e106,类型
e436,e1016,形状
e1448,e1448,中文名
e1448,e836,朝代
e1448,e106,类型
e1448,e1038,窑口
e1292,e1292,中文名
e1292,e320,朝代
e1292,e97,类型
e1292,e335,窑口
e1292,e218,纹饰
e1292,e783,意义
e293,e293,中文名
e293,e424,朝代
e293,e656,类型
e293,e343,纹饰
e293,e783,意义
e1233,e1233,中文名
e1233,e424,朝代
e1233,e54,类型
e1233,e1016,形状
e771,e771,中文名
e771,e1314,朝代
e771,e106,类型
e771,e777,窑口
e771,e797,纹饰
e1313,e1313,中文名
e1313,e1314,朝代
e1313,e106,类型
e1313,e777,窑口
e1313,e797,纹饰
e754,e754,中文名
e754,e1314,朝代
e754,e106,类型
e754,e777,窑口
e1007,e1007,中文名
e1007,e424,朝代
e1007,e818,类型
e848,e848,中文名
e848,e147,朝代
e848,e106,类型
e848,e777,窑口
e848,e797,纹饰
e1135,e1135,中文名
e1135,e424,朝代
e1135,e106,类型
e1135,e777,窑口
e1135,e343,纹饰
e1135,e1016,形状
e1267,e1267,中文名
e1267,e424,朝代
e1267,e656,类型
e1267,e777,窑口
e1267,e343,纹饰
e822,e822,中文名
e822,e424,朝代
e822,e106,类型
e822,e777,窑口
e850,e850,中文名
e850,e147,朝代
e850,e106,类型
e850,e777,窑口
e850,e797,纹饰
e669,e669,中文名
e669,e147,朝代
e669,e106,类型
e669,e777,窑口
e1004,e1004,中文名
e1004,e836,朝代
e1004,e39,类型
e1004,e5,窑口
e1004,e845,纹饰
e278,e278,中文名
e278,e836,朝代
e278,e106,类型
e278,e186,窑口
e473,e473,中文名
e473,e836,朝代
e473,e106,类型
e473,e375,窑口
e232,e232,中文名
e232,e424,朝代
e232,e106,类型
e232,e621,纹饰
e232,e783,意义
e986,e986,中文名
e986,e424,朝代
e986,e106,类型
e986,e1016,形状
e1386,e1386,中文名
e1386,e424,朝代
e1386,e106,类型
e164,e164,中文名
e164,e1187,朝代
e164,e106,类型
e164,e4,窑口
e164,e797,纹饰
e1002,e1002,中文名
e1002,e1301,朝代
e1002,e97,类型
e1002,e447,窑口
e731,e731,中文名
e731,e424,朝代
e731,e1075,类型
e731,e777,窑口
e731,e862,纹饰
e731,e1016,形状
e1118,e1118,中文名
e1118,e424,朝代
e1118,e1075,类型
e1118,e777,窑口
e1118,e979,意义
e1228,e1228,中文名
e1228,e984,朝代
e1228,e97,类型
e1228,e797,纹饰
e1304,e1304,中文名
e1304,e836,朝代
e1304,e106,类型
e1304,e375,窑口
e949,e949,中文名
e949,e320,朝代
e949,e106,类型
e949,e284,窑口
e949,e343,纹饰
e1216,e1216,中文名
e1216,e836,朝代
e1216,e296,类型
e1216,e1254,窑口
e1216,e1016,形状
e831,e831,中文名
e831,e1314,朝代
e831,e24,类型
e831,e777,窑口
e831,e705,纹饰
e831,e385,意义
e831,e1016,形状
e659,e659,中文名
e659,e147,朝代
e659,e106,类型
e659,e777,窑口
e1317,e1317,中文名
e1317,e424,朝代
e1317,e1075,类型
e1317,e777,窑口
e1317,e797,纹饰
e1317,e979,意义
e361,e361,中文名
e361,e836,朝代
e361,e97,类型
e361,e118,窑口
e866,e866,中文名
e866,e699,朝代
e866,e607,类型
e866,e797,纹饰
e542,e542,中文名
e542,e836,朝代
e542,e106,类型
e542,e233,窑口
e752,e752,中文名
e752,e836,朝代
e752,e106,类型
e752,e233,窑口
e752,e343,纹饰
e234,e234,中文名
e234,e1329,朝代
e234,e534,类型
e368,e368,中文名
e368,e836,朝代
e368,e1035,类型
e368,e200,窑口
e368,e979,意义
e1230,e1230,中文名
e1230,e836,朝代
e1230,e106,类型
e1230,e351,窑口
e858,e858,中文名
e858,e836,朝代
e858,e97,类型
e858,e118,窑口
e858,e920,纹饰
e858,e783,意义
e914,e914,中文名
e914,e279,朝代
e914,e106,类型
e914,e331,窑口
e914,e797,纹饰
e1003,e1003,中文名
e1003,e279,朝代
e1003,e106,类型
e1003,e690,窑口
e1315,e1315,中文名
e1315,e279,朝代
e1315,e106,类型
e1315,e643,窑口
e396,e396,中文名
e396,e279,朝代
e396,e106,类型
e396,e643,窑口
e396,e979,意义
e1286,e1286,中文名
e1286,e279,朝代
e1286,e106,类型
e1286,e331,窑口
e1286,e1016,形状
e722,e722,中文名
e722,e1388,朝代
e722,e656,类型
e722,e777,窑口
e44,e44,中文名
e44,e1388,朝代
e44,e97,类型
e44,e777,窑口
e930,e930,中文名
e930,e279,朝代
e930,e1403,类型
e930,e331,窑口
e244,e244,中文名
e244,e279,朝代
e244,e97,类型
e244,e254,窑口
e38,e38,中文名
e38,e1388,朝代
e38,e656,类型
e38,e777,窑口
e229,e229,中文名
e229,e326,朝代
e229,e656,类型
e229,e777,窑口
e742,e742,中文名
e742,e326,朝代
e742,e656,类型
e742,e777,窑口
e475,e475,中文名
e475,e326,朝代
e475,e656,类型
e475,e777,窑口
e1158,e1158,中文名
e1158,e424,朝代
e1158,e106,类型
e1158,e777,窑口
e1158,e979,意义
e126,e126,中文名
e126,e279,朝代
e126,e106,类型
e126,e186,窑口
e161,e161,中文名
e161,e1314,朝代
e161,e656,类型
e161,e777,窑口
e161,e586,纹饰
e161,e979,意义
e161,e1016,形状
e28,e28,中文名
e28,e424,朝代
e28,e656,类型
e28,e777,窑口
e28,e1016,形状
e721,e721,中文名
e721,e424,朝代
e721,e656,类型
e721,e777,窑口
e721,e990,纹饰
e721,e1016,形状
e403,e403,中文名
e403,e1314,朝代
e403,e54,类型
e403,e777,窑口
e403,e343,纹饰
e126,e126,中文名
e126,e1301,朝代
e126,e106,类型
e126,e186,窑口
e126,e1016,形状
e1072,e1072,中文名
e1072,e182,朝代
e1072,e106,类型
e1072,e1032,窑口
e1072,e797,纹饰
e1335,e1335,中文名
e1335,e62,朝代
e1335,e159,类型
e808,e808,中文名
e808,e1314,朝代
e808,e656,类型
e808,e777,窑口
e887,e887,中文名
e887,e424,朝代
e887,e97,类型
e887,e777,窑口
e887,e799,纹饰
e887,e765,意义
e887,e1016,形状
e22,e22,中文名
e22,e424,朝代
e22,e1075,类型
e22,e777,窑口
e467,e467,中文名
e467,e424,朝代
e467,e1075,类型
e467,e777,窑口
e806,e806,中文名
e806,e424,朝代
e806,e1075,类型
e806,e777,窑口
e806,e340,纹饰
e806,e385,意义
e672,e672,中文名
e672,e1314,朝代
e672,e97,类型
e672,e777,窑口
e672,e799,纹饰
e672,e783,意义
e491,e491,中文名
e491,e147,朝代
e491,e1075,类型
e491,e777,窑口
e491,e783,意义
e1142,e1142,中文名
e1142,e147,朝代
e1142,e1075,类型
e1142,e777,窑口
e1142,e1016,形状
e638,e638,中文名
e638,e424,朝代
e638,e1075,类型
e638,e777,窑口
e638,e799,纹饰
e638,e1016,形状
e897,e897,中文名
e897,e1314,朝代
e897,e97,类型
e897,e777,窑口
e897,e979,意义
e698,e698,中文名
e698,e1314,朝代
e698,e97,类型
e698,e777,窑口
e698,e979,意义
e212,e212,中文名
e212,e1314,朝代
e212,e106,类型
e212,e777,窑口
e1487,e1487,中文名
e1487,e1314,朝代
e1487,e106,类型
e1487,e777,窑口
e1487,e797,纹饰
e353,e353,中文名
e353,e424,朝代
e353,e656,类型
e353,e777,窑口
e301,e301,中文名
e301,e1314,朝代
e301,e656,类型
e301,e777,窑口
e301,e979,意义
e1182,e1182,中文名
e1182,e1314,朝代
e1182,e656,类型
e1182,e777,窑口
e1182,e1016,形状
e460,e460,中文名
e460,e1314,朝代
e460,e54,类型
e460,e777,窑口
e460,e621,纹饰
e460,e783,意义
e907,e907,中文名
e907,e147,朝代
e907,e106,类型
e907,e777,窑口
e907,e343,纹饰
e238,e238,中文名
e238,e147,朝代
e238,e54,类型
e238,e777,窑口
e203,e203,中文名
e203,e147,朝代
e203,e54,类型
e203,e777,窑口
e203,e797,纹饰
e624,e624,中文名
e624,e778,朝代
e624,e106,类型
e624,e1372,窑口
e532,e532,中文名
e532,e424,朝代
e532,e54,类型
e532,e777,窑口
e532,e206,纹饰
e532,e783,意义
e576,e576,中文名
e576,e424,朝代
e576,e656,类型
e576,e777,窑口
e576,e471,纹饰
e576,e1016,形状
e434,e434,中文名
e434,e424,朝代
e434,e656,类型
e434,e777,窑口
e434,e471,纹饰
e434,e1016,形状
e210,e210,中文名
e210,e424,朝代
e210,e656,类型
e210,e777,窑口
e141,e141,中文名
e141,e424,朝代
e141,e656,类型
e141,e777,窑口
e141,e1016,形状
e141,e979,意义
e1099,e1099,中文名
e1099,e424,朝代
e1099,e656,类型
e1099,e777,窑口
e1099,e765,意义
e579,e579,中文名
e579,e424,朝代
e579,e656,类型
e579,e777,窑口
e579,e343,纹饰
e221,e221,中文名
e221,e326,朝代
e221,e97,类型
e221,e777,窑口
e462,e462,中文名
e462,e91,朝代
e462,e54,类型
e462,e777,窑口
e378,e378,中文名
e378,e91,朝代
e378,e656,类型
e378,e777,窑口
e378,e336,纹饰
e378,e1016,形状
e1331,e1331,中文名
e1331,e424,朝代
e1331,e656,类型
e1331,e777,窑口
e1331,e336,纹饰
e1331,e979,意义
e230,e230,中文名
e230,e147,朝代
e230,e1136,类型
e230,e777,窑口
e230,e1016,形状
e1130,e1130,中文名
e1130,e147,朝代
e1130,e1136,类型
e1130,e777,窑口
e1130,e979,意义
e1345,e1345,中文名
e1345,e1314,朝代
e1345,e106,类型
e1345,e777,窑口
e1345,e621,纹饰
e386,e386,中文名
e386,e1314,朝代
e386,e656,类型
e386,e777,窑口
e386,e621,纹饰
e727,e727,中文名
e727,e1314,朝代
e727,e97,类型
e727,e777,窑口
e727,e343,纹饰
e727,e385,意义
e517,e517,中文名
e517,e147,朝代
e517,e106,类型
e517,e777,窑口
e517,e797,纹饰
e43,e43,中文名
e43,e424,朝代
e43,e106,类型
e43,e777,窑口
e811,e811,中文名
e811,e541,朝代
e811,e656,类型
e811,e777,窑口
e811,e862,纹饰
e811,e1016,形状
e811,e783,意义
e934,e934,中文名
e934,e1314,朝代
e934,e656,类型
e934,e777,窑口
e934,e206,纹饰
e934,e783,意义
e573,e573,中文名
e573,e424,朝代
e573,e656,类型
e1173,e1173,中文名
e1173,e267,朝代
e1173,e106,类型
e1173,e1124,窑口
e1173,e621,纹饰
e290,e290,中文名
e290,e1388,朝代
e290,e106,类型
e290,e777,窑口
e496,e496,中文名
e496,e1310,朝代
e496,e296,类型
e496,e206,纹饰
e496,e783,意义
e1463,e1463,中文名
e1463,e932,朝代
e1463,e911,类型
e1031,e1031,中文名
e1031,e326,朝代
e1031,e656,类型
e1031,e170,窑口
e562,e562,中文名
e562,e279,朝代
e562,e106,类型
e1283,e1283,中文名
e1283,e147,朝代
e1283,e54,类型
e1283,e777,窑口
e1283,e174,纹饰
e1424,e1424,中文名
e1424,e526,朝代
e1424,e97,类型
e1424,e777,窑口
e1145,e1145,中文名
e1145,e257,朝代
e1145,e106,类型
e1145,e375,窑口
e1145,e1016,形状
e1390,e1390,中文名
e1390,e267,朝代
e1390,e97,类型
e1390,e777,窑口
e1390,e799,纹饰
e1143,e1143,中文名
e1143,e279,朝代
e1143,e106,类型
e1143,e690,窑口
e1351,e1351,中文名
e1351,e836,朝代
e1351,e911,类型
e1351,e1016,形状
e537,e537,中文名
e537,e836,朝代
e537,e106,类型
e537,e1038,窑口
e1308,e1308,中文名
e1308,e836,朝代
e1308,e106,类型
e1308,e233,窑口
e1308,e206,纹饰
e1308,e1016,形状
e1308,e783,意义
e430,e430,中文名
e430,e1301,朝代
e430,e106,类型
e430,e186,窑口
e430,e797,纹饰
e1367,e1367,中文名
e1367,e279,朝代
e1367,e106,类型
e9,e9,中文名
e9,e682,朝代
e9,e1357,类型
e9,e596,窑口
e9,e797,纹饰
e9,e379,形状
e593,e593,中文名
e593,e526,朝代
e593,e97,类型
e593,e777,窑口
e593,e160,纹饰
e1471,e1471,中文名
e1471,e1314,朝代
e1471,e106,类型
e1471,e777,窑口
e408,e408,中文名
e408,e1314,朝代
e408,e106,类型
e408,e777,窑口
e1381,e1381,中文名
e1381,e147,朝代
e1381,e97,类型
e1381,e777,窑口
e711,e711,中文名
e711,e994,朝代
e711,e106,类型
e711,e777,窑口
e711,e979,意义
e711,e1016,形状
e1189,e1189,中文名
e1189,e984,朝代
e1189,e97,类型
e1189,e777,窑口
e1189,e621,纹饰
e1189,e783,意义
e1332,e1332,中文名
e1332,e984,朝代
e1332,e97,类型
e1332,e777,窑口
e1332,e979,意义
e819,e819,中文名
e819,e994,朝代
e819,e106,类型
e819,e777,窑口
e819,e1016,形状
e982,e982,中文名
e982,e279,朝代
e982,e106,类型
e982,e186,窑口
e1153,e1153,中文名
e1153,e778,朝代
e1153,e97,类型
e409,e409,中文名
e409,e279,朝代
e409,e106,类型
e409,e186,窑口
e409,e1016,形状
e814,e814,中文名
e814,e836,朝代
e814,e106,类型
e1126,e1126,中文名
e1126,e279,朝代
e1126,e106,类型
e1126,e186,窑口
e556,e556,中文名
e556,e682,朝代
e556,e251,类型
e556,e1303,窑口
e556,e797,纹饰
e245,e245,中文名
e245,e932,朝代
e245,e106,类型
e1190,e1190,中文名
e1190,e279,朝代
e1190,e106,类型
e1190,e690,窑口
e1379,e1379,中文名
e1379,e1011,朝代
e1379,e106,类型
e1379,e1311,纹饰
e273,e273,中文名
e273,e524,朝代
e273,e13,类型
e193,e193,中文名
e193,e682,朝代
e193,e1357,类型
e193,e596,窑口
e193,e797,纹饰
e360,e360,中文名
e360,e682,朝代
e360,e411,类型
e360,e369,窑口
e291,e291,中文名
e291,e1011,朝代
e291,e106,类型
e788,e788,中文名
e788,e984,朝代
e788,e97,类型
e788,e777,窑口
e788,e621,纹饰
e788,e1016,形状
e972,e972,中文名
e972,e984,朝代
e972,e97,类型
e972,e777,窑口
e972,e1016,形状
e274,e274,中文名
e274,e836,朝代
e274,e106,类型
e274,e200,窑口
e274,e1016,形状
e812,e812,中文名
e812,e836,朝代
e812,e296,类型
e812,e200,窑口
e812,e1016,形状
e888,e888,中文名
e888,e932,朝代
e888,e911,类型
e1191,e1191,中文名
e1191,e932,朝代
e1191,e911,类型
e150,e150,中文名
e150,e932,朝代
e150,e911,类型
e150,e1016,形状
e483,e483,中文名
e483,e932,朝代
e483,e911,类型
e338,e338,中文名
e338,e932,朝代
e338,e106,类型
e981,e981,中文名
e981,e932,朝代
e981,e106,类型
e981,e797,纹饰
e710,e710,中文名
e710,e932,朝代
e710,e106,类型
e710,e797,纹饰
e412,e412,中文名
e412,e994,朝代
e412,e97,类型
e412,e777,窑口
e412,e797,纹饰
e412,e783,意义
e412,e1016,形状
e1268,e1268,中文名
e1268,e984,朝代
e1268,e97,类型
e1268,e777,窑口
e1359,e1359,中文名
e1359,e1310,朝代
e1359,e106,类型
e1359,e1038,窑口
e1359,e797,纹饰
e55,e55,中文名
e55,e836,朝代
e55,e106,类型
e55,e233,窑口
e167,e167,中文名
e167,e836,朝代
e167,e106,类型
e167,e214,窑口
e167,e218,纹饰
e167,e783,意义
e1054,e1054,中文名
e1054,e836,朝代
e1054,e106,类型
e1054,e214,窑口
e1054,e797,纹饰
e1054,e1016,形状
e849,e849,中文名
e849,e836,朝代
e849,e106,类型
e849,e214,窑口
e247,e247,中文名
e247,e994,朝代
e247,e97,类型
e247,e777,窑口
e247,e765,意义
e1346,e1346,中文名
e1346,e196,朝代
e1346,e106,类型
e1346,e777,窑口
e1346,e797,纹饰
e1417,e1417,中文名
e1417,e147,朝代
e1417,e97,类型
e1417,e777,窑口
e1417,e621,纹饰
e1411,e1411,中文名
e1411,e836,朝代
e1411,e1035,类型
e1411,e200,窑口
e1411,e979,意义
e1411,e1016,形状
e1204,e1204,中文名
e1204,e326,朝代
e1204,e656,类型
e1204,e777,窑口
e1204,e1016,形状
e1204,e979,意义
e1085,e1085,中文名
e1085,e994,朝代
e1085,e97,类型
e1085,e777,窑口
e1085,e343,纹饰
e1085,e1016,形状
e1085,e783,意义
e1273,e1273,中文名
e1273,e836,朝代
e1273,e106,类型
e1273,e1038,窑口
e1273,e1026,纹饰
e844,e844,中文名
e844,e836,朝代
e844,e106,类型
e844,e1038,窑口
e828,e828,中文名
e828,e1221,朝代
e828,e97,类型
e828,e777,窑口
e968,e968,中文名
e968,e453,朝代
e968,e97,类型
e968,e777,窑口
e968,e206,纹饰
e968,e783,意义
e32,e32,中文名
e32,e453,朝代
e32,e97,类型
e32,e777,窑口
e32,e218,纹饰
e32,e783,意义
e522,e522,中文名
e522,e267,朝代
e522,e97,类型
e522,e777,窑口
e522,e621,纹饰
e1034,e1034,中文名
e1034,e500,朝代
e1034,e97,类型
e1034,e777,窑口
e1034,e343,纹饰
e68,e68,中文名
e68,e196,朝代
e68,e97,类型
e68,e777,窑口
e68,e979,意义
e580,e580,中文名
e580,e196,朝代
e580,e97,类型
e580,e777,窑口
e443,e443,中文名
e443,e196,朝代
e443,e97,类型
e443,e777,窑口
e443,e797,纹饰
e443,e1016,形状
e130,e130,中文名
e130,e196,朝代
e130,e97,类型
e130,e777,窑口
e130,e797,纹饰
e1194,e1194,中文名
e1194,e526,朝代
e1194,e97,类型
e1194,e777,窑口
e1194,e799,纹饰
e253,e253,中文名
e253,e526,朝代
e253,e97,类型
e253,e777,窑口
e595,e595,中文名
e595,e526,朝代
e595,e97,类型
e595,e777,窑口
e595,e621,纹饰
e595,e1016,形状
e871,e871,中文名
e871,e984,朝代
e871,e97,类型
e871,e777,窑口
e871,e862,纹饰
e871,e1016,形状
e794,e794,中文名
e794,e1310,朝代
e794,e106,类型
e794,e1038,窑口
e794,e1016,形状
e605,e605,中文名
e605,e836,朝代
e605,e296,类型
e605,e494,窑口
e605,e797,纹饰
e405,e405,中文名
e405,e326,朝代
e405,e97,类型
e405,e777,窑口
e405,e797,纹饰
e405,e783,意义
e1219,e1219,中文名
e1219,e1011,朝代
e1219,e106,类型
e1219,e785,窑口
e574,e574,中文名
e574,e279,朝代
e574,e911,类型
e574,e331,窑口
e583,e583,中文名
e583,e279,朝代
e583,e911,类型
e543,e543,中文名
e543,e279,朝代
e543,e106,类型
e543,e241,窑口
e1148,e1148,中文名
e1148,e279,朝代
e1148,e97,类型
e1148,e298,窑口
e1148,e783,意义
e977,e977,中文名
e977,e836,朝代
e977,e106,类型
e977,e214,窑口
e239,e239,中文名
e239,e279,朝代
e239,e911,类型
e665,e665,中文名
e665,e279,朝代
e665,e106,类型
e665,e298,窑口
e401,e401,中文名
e401,e778,朝代
e401,e97,类型
e401,e1362,窑口
e401,e797,纹饰
e1259,e1259,中文名
e1259,e267,朝代
e1259,e97,类型
e1259,e777,窑口
e1259,e206,纹饰
e1259,e783,意义
e1478,e1478,中文名
e1478,e836,朝代
e1478,e97,类型
e1478,e118,窑口
e1478,e797,纹饰
e1478,e1016,形状
e1478,e783,意义
e1103,e1103,中文名
e1103,e836,朝代
e1103,e106,类型
e1103,e1038,窑口
e1103,e340,纹饰
e1046,e1046,中文名
e1046,e836,朝代
e1046,e106,类型
e1046,e284,窑口
e1046,e797,纹饰
e17,e17,中文名
e17,e279,朝代
e17,e106,类型
e17,e797,纹饰
e128,e128,中文名
e128,e836,朝代
e128,e159,类型
e128,e777,窑口
e128,e1016,形状
e128,e783,意义
e1418,e1418,中文名
e1418,e735,朝代
e1418,e97,类型
e1418,e777,窑口
e1418,e586,纹饰
e1418,e180,意义
e644,e644,中文名
e644,e1314,朝代
e644,e106,类型
e644,e777,窑口
e1295,e1295,中文名
e1295,e984,朝代
e1295,e97,类型
e1295,e777,窑口
e1295,e797,纹饰
e1295,e1016,形状
e725,e725,中文名
e725,e147,朝代
e725,e97,类型
e725,e777,窑口
e956,e956,中文名
e956,e851,朝代
e956,e1136,类型
e956,e777,窑口
e684,e684,中文名
e684,e526,朝代
e684,e97,类型
e684,e777,窑口
e688,e688,中文名
e688,e526,朝代
e688,e97,类型
e688,e777,窑口
e688,e343,纹饰
e501,e501,中文名
e501,e500,朝代
e501,e97,类型
e501,e777,窑口
e63,e63,中文名
e63,e279,朝代
e63,e106,类型
e63,e186,窑口
e798,e798,中文名
e798,e874,朝代
e798,e106,类型
e798,e797,纹饰
e194,e194,中文名
e194,e1011,朝代
e194,e106,类型
e194,e797,纹饰
e163,e163,中文名
e163,e415,朝代
e163,e97,类型
e163,e777,窑口
e163,e979,意义
e1430,e1430,中文名
e1430,e541,朝代
e1430,e97,类型
e1430,e777,窑口
e1430,e920,纹饰
e1430,e783,意义
e1023,e1023,中文名
e1023,e424,朝代
e1023,e97,类型
e1023,e777,窑口
e1023,e765,意义
e743,e743,中文名
e743,e424,朝代
e743,e97,类型
e743,e777,窑口
e743,e621,纹饰
e743,e979,意义
e1181,e1181,中文名
e1181,e147,朝代
e1181,e97,类型
e1181,e777,窑口
e1181,e343,纹饰
e492,e492,中文名
e492,e91,朝代
e492,e97,类型
e492,e777,窑口
e492,e621,纹饰
e492,e783,意义
e964,e964,中文名
e964,e326,朝代
e964,e97,类型
e964,e777,窑口
e964,e979,意义
e950,e950,中文名
e950,e382,朝代
e950,e97,类型
e950,e777,窑口
e950,e862,纹饰
e205,e205,中文名
e205,e526,朝代
e205,e97,类型
e205,e777,窑口
e205,e218,纹饰
e205,e783,意义
e929,e929,中文名
e929,e424,朝代
e929,e1075,类型
e929,e777,窑口
e929,e340,纹饰
e929,e1016,形状
e1277,e1277,中文名
e1277,e836,朝代
e1277,e106,类型
e1277,e351,窑口
e1277,e797,纹饰
e1084,e1084,中文名
e1084,e196,朝代
e1084,e54,类型
e1084,e777,窑口
e1086,e1086,中文名
e1086,e836,朝代
e1086,e106,类型
e1086,e233,窑口
e1086,e797,纹饰
e1086,e783,意义
e190,e190,中文名
e190,e1310,朝代
e190,e97,类型
e190,e118,窑口
e190,e621,纹饰
e190,e1016,形状
e472,e472,中文名
e472,e279,朝代
e472,e106,类型
e472,e690,窑口
e82,e82,中文名
e82,e196,朝代
e82,e97,类型
e82,e777,窑口
e1019,e1019,中文名
e1019,e147,朝代
e1019,e1075,类型
e1019,e777,窑口
e637,e637,中文名
e637,e984,朝代
e637,e97,类型
e637,e777,窑口
e637,e797,纹饰
e786,e786,中文名
e786,e1314,朝代
e786,e106,类型
e786,e777,窑口
e113,e113,中文名
e113,e1434,朝代
e113,e97,类型
e113,e777,窑口
e113,e797,纹饰
e1387,e1387,中文名
e1387,e1314,朝代
e1387,e106,类型
e1387,e777,窑口
e834,e834,中文名
e834,e735,朝代
e834,e97,类型
e834,e777,窑口
e834,e920,纹饰
e834,e979,意义
e834,e1016,形状
e285,e285,中文名
e285,e453,朝代
e285,e97,类型
e285,e777,窑口
e285,e621,纹饰
e285,e1016,形状
e285,e979,意义
e1240,e1240,中文名
e1240,e257,朝代
e1240,e106,类型
e1240,e375,窑口
e1240,e1440,纹饰
e176,e176,中文名
e176,e147,朝代
e176,e97,类型
e176,e777,窑口
e176,e218,纹饰
e176,e783,意义
e269,e269,中文名
e269,e196,朝代
e269,e106,类型
e269,e777,窑口
e514,e514,中文名
e514,e994,朝代
e514,e1136,类型
e514,e777,窑口
e514,e799,纹饰
e514,e979,意义
e498,e498,中文名
e498,e453,朝代
e498,e1136,类型
e498,e777,窑口
e498,e799,纹饰
e498,e979,意义
e538,e538,中文名
e538,e984,朝代
e538,e106,类型
e538,e777,窑口
e538,e797,纹饰
e538,e1016,形状
e538,e979,意义
e52,e52,中文名
e52,e147,朝代
e52,e106,类型
e52,e777,窑口
e52,e206,纹饰
e52,e783,意义
e70,e70,中文名
e70,e267,朝代
e70,e911,类型
e70,e777,窑口
e70,e218,纹饰
e70,e783,意义
e1490,e1490,中文名
e1490,e1314,朝代
e1490,e106,类型
e1490,e777,窑口
e1490,e797,纹饰
e679,e679,中文名
e679,e836,朝代
e679,e106,类型
e679,e284,窑口
e679,e797,纹饰
e33,e33,中文名
e33,e874,朝代
e33,e106,类型
e33,e797,纹饰
e842,e842,中文名
e842,e984,朝代
e842,e97,类型
e842,e777,窑口
e842,e799,纹饰
e842,e1016,形状
e1468,e1468,中文名
e1468,e1314,朝代
e1468,e97,类型
e1468,e777,窑口
e1468,e797,纹饰
e1468,e765,意义
e875,e875,中文名
e875,e1221,朝代
e875,e97,类型
e875,e777,窑口
e712,e712,中文名
e712,e196,朝代
e712,e97,类型
e712,e777,窑口
e712,e797,纹饰
e712,e979,意义
e1458,e1458,中文名
e1458,e851,朝代
e1458,e97,类型
e1458,e777,窑口
e46,e46,中文名
e46,e836,朝代
e46,e106,类型
e46,e284,窑口
e789,e789,中文名
e789,e147,朝代
e789,e106,类型
e789,e777,窑口
e789,e797,纹饰
e843,e843,中文名
e843,e196,朝代
e843,e54,类型
e843,e777,窑口
e843,e340,纹饰
e1063,e1063,中文名
e1063,e196,朝代
e1063,e54,类型
e1063,e777,窑口
e1063,e343,纹饰
e838,e838,中文名
e838,e984,朝代
e838,e97,类型
e838,e777,窑口
e838,e586,纹饰
e1330,e1330,中文名
e1330,e984,朝代
e1330,e106,类型
e1330,e777,窑口
e1341,e1341,中文名
e1341,e526,朝代
e1341,e106,类型
e1341,e777,窑口
e880,e880,中文名
e880,e1434,朝代
e880,e97,类型
e880,e777,窑口
e880,e343,纹饰
e880,e979,意义
e1322,e1322,中文名
e1322,e147,朝代
e1322,e97,类型
e1322,e777,窑口
e1413,e1413,中文名
e1413,e1011,朝代
e1413,e106,类型
e1413,e1016,形状
e1475,e1475,中文名
e1475,e279,朝代
e1475,e106,类型
e1475,e186,窑口
e1475,e1016,形状
e1015,e1015,中文名
e1015,e279,朝代
e1015,e106,类型
e1015,e797,纹饰
e1015,e1016,形状
e1081,e1081,中文名
e1081,e279,朝代
e1081,e911,类型
e1027,e1027,中文名
e1027,e1314,朝代
e1027,e1136,类型
e1027,e777,窑口
e40,e40,中文名
e40,e147,朝代
e40,e106,类型
e40,e777,窑口
e402,e402,中文名
e402,e1314,朝代
e402,e106,类型
e402,e777,窑口
e402,e797,纹饰
e795,e795,中文名
e795,e836,朝代
e795,e106,类型
e795,e351,窑口
e1192,e1192,中文名
e1192,e1314,朝代
e1192,e54,类型
e1192,e777,窑口
e1380,e1380,中文名
e1380,e424,朝代
e1380,e54,类型
e1380,e777,窑口
e395,e395,中文名
e395,e279,朝代
e395,e106,类型
e395,e690,窑口
e395,e797,纹饰
e792,e792,中文名
e792,e1310,朝代
e792,e97,类型
e792,e118,窑口
e792,e783,意义
e689,e689,中文名
e689,e147,朝代
e689,e106,类型
e689,e777,窑口
e199,e199,中文名
e199,e836,朝代
e199,e159,类型
e199,e777,窑口
e199,e340,纹饰
e940,e940,中文名
e940,e682,朝代
e940,e411,类型
e940,e596,窑口
e940,e797,纹饰
e1062,e1062,中文名
e1062,e836,朝代
e1062,e159,类型
e1062,e777,窑口
e1062,e1016,形状
e869,e869,中文名
e869,e836,朝代
e869,e106,类型
e869,e214,窑口
e802,e802,中文名
e802,e424,朝代
e802,e656,类型
e802,e777,窑口
e802,e979,意义
e588,e588,中文名
e588,e1314,朝代
e588,e656,类型
e588,e777,窑口
e588,e1040,纹饰
e588,e979,意义
e1243,e1243,中文名
e1243,e1314,朝代
e1243,e54,类型
e1243,e777,窑口
e1243,e1175,纹饰
e463,e463,中文名
e463,e196,朝代
e463,e54,类型
e463,e777,窑口
e463,e797,纹饰
e676,e676,中文名
e676,e836,朝代
e676,e106,类型
e676,e233,窑口
e676,e343,纹饰
e758,e758,中文名
e758,e1314,朝代
e758,e97,类型
e758,e777,窑口
e758,e385,意义
e758,e1016,形状
e1222,e1222,中文名
e1222,e62,朝代
e1222,e106,类型
e1222,e1203,窑口
e1098,e1098,中文名
e1098,e735,朝代
e1098,e97,类型
e1098,e777,窑口
e1098,e621,纹饰
e1098,e979,意义
e262,e262,中文名
e262,e147,朝代
e262,e1136,类型
e262,e777,窑口
e262,e862,纹饰
e262,e979,意义
e262,e1016,形状
e833,e833,中文名
e833,e320,朝代
e833,e97,类型
e833,e777,窑口
e833,e343,纹饰
e833,e1016,形状
e833,e979,意义
e946,e946,中文名
e946,e424,朝代
e946,e1075,类型
e946,e777,窑口
e117,e117,中文名
e117,e526,朝代
e117,e1357,类型
e1025,e1025,中文名
e1025,e1301,朝代
e1025,e106,类型
e1025,e233,窑口
e1110,e1110,中文名
e1110,e267,朝代
e1110,e106,类型
e1110,e777,窑口
e1110,e218,纹饰
e1110,e783,意义
e841,e841,中文名
e841,e424,朝代
e841,e656,类型
e841,e777,窑口
e841,e1016,形状
e398,e398,中文名
e398,e424,朝代
e398,e656,类型
e398,e777,窑口
e894,e894,中文名
e894,e1314,朝代
e894,e106,类型
e894,e777,窑口
e894,e379,形状
e299,e299,中文名
e299,e526,朝代
e299,e97,类型
e299,e586,纹饰
e299,e1016,形状
e1220,e1220,中文名
e1220,e1314,朝代
e1220,e656,类型
e1220,e777,窑口
e1347,e1347,中文名
e1347,e147,朝代
e1347,e1136,类型
e1347,e777,窑口
e1347,e206,纹饰
e1347,e783,意义
e1347,e1016,形状
e625,e625,中文名
e625,e147,朝代
e625,e1136,类型
e625,e777,窑口
e625,e783,意义
e857,e857,中文名
e857,e424,朝代
e857,e656,类型
e857,e777,窑口
e857,e586,纹饰
e857,e1016,形状
e570,e570,中文名
e570,e279,朝代
e570,e911,类型
e702,e702,中文名
e702,e279,朝代
e702,e911,类型
e1460,e1460,中文名
e1460,e279,朝代
e1460,e911,类型
e798,e798,中文名
e798,e778,朝代
e798,e106,类型
e798,e797,纹饰
e1020,e1020,中文名
e1020,e257,朝代
e1020,e106,类型
e1020,e375,窑口
e93,e93,中文名
e93,e1314,朝代
e93,e709,类型
e93,e170,窑口
e370,e370,中文名
e370,e1459,朝代
e370,e709,类型
e370,e170,窑口
e370,e1016,形状
e370,e180,意义
e700,e700,中文名
e700,e1310,朝代
e700,e97,类型
e700,e118,窑口
e700,e1016,形状
e700,e783,意义
e1473,e1473,中文名
e1473,e326,朝代
e1473,e97,类型
e1473,e777,窑口
e226,e226,中文名
e226,e541,朝代
e226,e1136,类型
e226,e777,窑口
e1419,e1419,中文名
e1419,e257,朝代
e1419,e106,类型
e1419,e375,窑口
e107,e107,中文名
e107,e619,朝代
e107,e106,类型
e107,e375,窑口
e162,e162,中文名
e162,e257,朝代
e162,e106,类型
e162,e375,窑口
e162,e797,纹饰
e651,e651,中文名
e651,e257,朝代
e651,e106,类型
e651,e375,窑口
e651,e797,纹饰
e1017,e1017,中文名
e1017,e257,朝代
e1017,e106,类型
e1017,e375,窑口
e1272,e1272,中文名
e1272,e320,朝代
e1272,e106,类型
e1272,e375,窑口
e677,e677,中文名
e677,e62,朝代
e677,e106,类型
e677,e973,窑口
e1421,e1421,中文名
e1421,e62,朝代
e1421,e106,类型
e1421,e973,窑口
e1456,e1456,中文名
e1456,e62,朝代
e1456,e106,类型
e1456,e973,窑口
e419,e419,中文名
e419,e1459,朝代
e419,e106,类型
e419,e170,窑口
e110,e110,中文名
e110,e1459,朝代
e110,e106,类型
e110,e170,窑口
e1223,e1223,中文名
e1223,e62,朝代
e1223,e106,类型
e1223,e170,窑口
e1223,e797,纹饰
e1056,e1056,中文名
e1056,e62,朝代
e1056,e106,类型
e1056,e170,窑口
e1146,e1146,中文名
e1146,e1388,朝代
e1146,e106,类型
e1245,e1245,中文名
e1245,e382,朝代
e1245,e106,类型
e394,e394,中文名
e394,e424,朝代
e394,e106,类型
e458,e458,中文名
e458,e424,朝代
e458,e106,类型
e458,e797,纹饰
e1131,e1131,中文名
e1131,e1314,朝代
e1131,e106,类型
e123,e123,中文名
e123,e1314,朝代
e123,e106,类型
e123,e797,纹饰
e1069,e1069,中文名
e1069,e1314,朝代
e1069,e106,类型
e703,e703,中文名
e703,e1314,朝代
e703,e106,类型
e1342,e1342,中文名
e1342,e1314,朝代
e1342,e106,类型
e1172,e1172,中文名
e1172,e1314,朝代
e1172,e106,类型
e1172,e1172,中文名
e1172,e1314,朝代
e1172,e106,类型
e1172,e797,纹饰
e125,e125,中文名
e125,e62,朝代
e125,e106,类型
e374,e374,中文名
e374,e320,朝代
e374,e106,类型
e374,e375,窑口
e1028,e1028,中文名
e1028,e320,朝代
e1028,e106,类型
e1028,e375,窑口
e859,e859,中文名
e859,e320,朝代
e859,e106,类型
e859,e375,窑口
e1066,e1066,中文名
e1066,e320,朝代
e1066,e106,类型
e1066,e375,窑口
e835,e835,中文名
e835,e320,朝代
e835,e106,类型
e835,e375,窑口
e732,e732,中文名
e732,e320,朝代
e732,e106,类型
e732,e375,窑口
e140,e140,中文名
e140,e320,朝代
e140,e106,类型
e140,e375,窑口
e337,e337,中文名
e337,e320,朝代
e337,e106,类型
e337,e375,窑口
e1195,e1195,中文名
e1195,e257,朝代
e1195,e106,类型
e1195,e375,窑口
e133,e133,中文名
e133,e257,朝代
e133,e106,类型
e133,e375,窑口
e133,e979,意义
e1047,e1047,中文名
e1047,e257,朝代
e1047,e106,类型
e1047,e375,窑口
e140,e140,中文名
e140,e257,朝代
e140,e106,类型
e140,e375,窑口
e140,e140,中文名
e140,e257,朝代
e140,e106,类型
e140,e375,窑口
e1365,e1365,中文名
e1365,e257,朝代
e1365,e106,类型
e1365,e375,窑口
e1365,e1440,纹饰
e1152,e1152,中文名
e1152,e257,朝代
e1152,e106,类型
e1152,e375,窑口
e1152,e1440,纹饰
e432,e432,中文名
e432,e320,朝代
e432,e106,类型
e432,e375,窑口
e663,e663,中文名
e663,e320,朝代
e663,e106,类型
e663,e375,窑口
e611,e611,中文名
e611,e320,朝代
e611,e106,类型
e611,e375,窑口
e719,e719,中文名
e719,e320,朝代
e719,e106,类型
e719,e375,窑口
e1402,e1402,中文名
e1402,e320,朝代
e1402,e106,类型
e1402,e375,窑口
e136,e136,中文名
e136,e320,朝代
e136,e106,类型
e136,e375,窑口
e136,e979,意义
e1454,e1454,中文名
e1454,e1310,朝代
e1454,e106,类型
e1454,e375,窑口
e1076,e1076,中文名
e1076,e1310,朝代
e1076,e106,类型
e1076,e375,窑口
e1,e1,中文名
e1,e1310,朝代
e1,e106,类型
e1,e375,窑口
e1,e1,中文名
e1,e1310,朝代
e1,e106,类型
e1,e375,窑口
e1242,e1242,中文名
e1242,e836,朝代
e1242,e106,类型
e1242,e375,窑口
e1242,e1440,纹饰
e801,e801,中文名
e801,e1310,朝代
e801,e106,类型
e801,e375,窑口
e719,e719,中文名
e719,e1310,朝代
e719,e106,类型
e719,e375,窑口
e563,e563,中文名
e563,e257,朝代
e563,e106,类型
e563,e375,窑口
e563,e1016,形状
e358,e358,中文名
e358,e257,朝代
e358,e106,类型
e358,e375,窑口
e358,e1016,形状
e719,e719,中文名
e719,e257,朝代
e719,e106,类型
e719,e375,窑口
e1429,e1429,中文名
e1429,e257,朝代
e1429,e106,类型
e1429,e375,窑口
e1073,e1073,中文名
e1073,e257,朝代
e1073,e106,类型
e1073,e375,窑口
e663,e663,中文名
e663,e257,朝代
e663,e106,类型
e663,e375,窑口
e499,e499,中文名
e499,e257,朝代
e499,e106,类型
e499,e375,窑口
e1402,e1402,中文名
e1402,e257,朝代
e1402,e106,类型
e1402,e375,窑口
e551,e551,中文名
e551,e257,朝代
e551,e106,类型
e551,e375,窑口
e830,e830,中文名
e830,e257,朝代
e830,e106,类型
e830,e375,窑口
e639,e639,中文名
e639,e257,朝代
e639,e106,类型
e639,e375,窑口
e639,e1440,纹饰
e1001,e1001,中文名
e1001,e257,朝代
e1001,e106,类型
e1001,e375,窑口
e976,e976,中文名
e976,e257,朝代
e976,e106,类型
e976,e375,窑口
e597,e597,中文名
e597,e257,朝代
e597,e106,类型
e597,e375,窑口
e372,e372,中文名
e372,e257,朝代
e372,e106,类型
e372,e375,窑口
e639,e639,中文名
e639,e257,朝代
e639,e106,类型
e639,e375,窑口
e639,e1440,纹饰
e639,e639,中文名
e639,e257,朝代
e639,e106,类型
e639,e375,窑口
e25,e25,中文名
e25,e1314,朝代
e25,e106,类型
e1001,e1001,中文名
e1001,e836,朝代
e1001,e106,类型
e1001,e375,窑口
e1001,e1016,形状
e345,e345,中文名
e345,e257,朝代
e345,e106,类型
e345,e375,窑口
e1391,e1391,中文名
e1391,e257,朝代
e1391,e106,类型
e1391,e375,窑口
e651,e651,中文名
e651,e257,朝代
e651,e106,类型
e651,e375,窑口
e651,e1440,纹饰
e647,e647,中文名
e647,e257,朝代
e647,e106,类型
e647,e375,窑口
e1227,e1227,中文名
e1227,e257,朝代
e1227,e106,类型
e1227,e375,窑口
e696,e696,中文名
e696,e257,朝代
e696,e106,类型
e696,e375,窑口
e800,e800,中文名
e800,e619,朝代
e800,e106,类型
e800,e375,窑口
e800,e797,纹饰
e1363,e1363,中文名
e1363,e196,朝代
e1363,e54,类型
e1363,e777,窑口
e774,e774,中文名
e774,e453,朝代
e774,e1136,类型
e433,e433,中文名
e433,e424,朝代
e433,e97,类型
e433,e979,意义
e513,e513,中文名
e513,e382,朝代
e513,e656,类型
e867,e867,中文名
e867,e424,朝代
e867,e709,类型
e867,e170,窑口
e867,e1016,形状
e867,e979,意义
e594,e594,中文名
e594,e984,朝代
e594,e97,类型
e594,e206,纹饰
e594,e783,意义
e47,e47,中文名
e47,e984,朝代
e47,e97,类型
e47,e799,纹饰
e47,e1016,形状
e144,e144,中文名
e144,e424,朝代
e144,e656,类型
e144,e777,窑口
e144,e979,意义
e1290,e1290,中文名
e1290,e147,朝代
e1290,e106,类型
e1290,e777,窑口
e1290,e1016,形状
e1327,e1327,中文名
e1327,e994,朝代
e1327,e24,类型
e1327,e777,窑口
e1327,e471,纹饰
e1327,e979,意义
e1186,e1186,中文名
e1186,e836,朝代
e1186,e106,类型
e1186,e715,窑口
e488,e488,中文名
e488,e424,朝代
e488,e106,类型
e488,e777,窑口
e439,e439,中文名
e439,e257,朝代
e439,e106,类型
e439,e233,窑口
e1488,e1488,中文名
e1488,e526,朝代
e1488,e106,类型
e1488,e1016,形状
e955,e955,中文名
e955,e1314,朝代
e955,e106,类型
e955,e777,窑口
e100,e100,中文名
e100,e147,朝代
e100,e1136,类型
e100,e777,窑口
e924,e924,中文名
e924,e1314,朝代
e924,e106,类型
e924,e777,窑口
e1119,e1119,中文名
e1119,e147,朝代
e1119,e1136,类型
e1119,e777,窑口
e1119,e1016,形状
e1112,e1112,中文名
e1112,e1388,朝代
e1112,e97,类型
e1112,e777,窑口
e155,e155,中文名
e155,e1388,朝代
e155,e957,类型
e155,e777,窑口
e1375,e1375,中文名
e1375,e1388,朝代
e1375,e97,类型
e1375,e777,窑口
e1115,e1115,中文名
e1115,e1388,朝代
e1115,e106,类型
e1115,e777,窑口
e1115,e343,纹饰
e185,e185,中文名
e185,e1388,朝代
e185,e957,类型
e185,e777,窑口
e185,e797,纹饰
e295,e295,中文名
e295,e1388,朝代
e295,e957,类型
e295,e777,窑口
e295,e343,纹饰
e1352,e1352,中文名
e1352,e1388,朝代
e1352,e106,类型
e1352,e777,窑口
e105,e105,中文名
e105,e1388,朝代
e105,e957,类型
e105,e777,窑口
e105,e979,意义
e756,e756,中文名
e756,e1388,朝代
e756,e106,类型
e756,e777,窑口
e36,e36,中文名
e36,e257,朝代
e36,e106,类型
e36,e233,窑口
e131,e131,中文名
e131,e424,朝代
e131,e106,类型
e131,e797,纹饰
e1147,e1147,中文名
e1147,e424,朝代
e1147,e106,类型
e1147,e797,纹饰
e1147,e979,意义
e889,e889,中文名
e889,e424,朝代
e889,e106,类型
e889,e979,意义
e341,e341,中文名
e341,e424,朝代
e341,e106,类型
e341,e343,纹饰
e341,e979,意义
e1414,e1414,中文名
e1414,e147,朝代
e1414,e106,类型
e959,e959,中文名
e959,e147,朝代
e959,e106,类型
e958,e958,中文名
e958,e147,朝代
e958,e106,类型
e958,e797,纹饰
e507,e507,中文名
e507,e147,朝代
e507,e106,类型
e507,e343,纹饰
e507,e783,意义
e417,e417,中文名
e417,e147,朝代
e417,e106,类型
e417,e218,纹饰
e417,e783,意义
e1134,e1134,中文名
e1134,e147,朝代
e1134,e106,类型
e1134,e218,纹饰
e1134,e783,意义
e1021,e1021,中文名
e1021,e147,朝代
e1021,e106,类型
e1021,e218,纹饰
e1021,e783,意义
e996,e996,中文名
e996,e62,朝代
e996,e106,类型
e428,e428,中文名
e428,e62,朝代
e428,e106,类型
e428,e979,意义
e1452,e1452,中文名
e1452,e62,朝代
e1452,e106,类型
e1452,e1328,窑口
e1452,e979,意义
e450,e450,中文名
e450,e62,朝代
e450,e106,类型
e450,e1328,窑口
e450,e797,纹饰
e450,e979,意义
e1485,e1485,中文名
e1485,e62,朝代
e1485,e106,类型
e1485,e343,纹饰
e1336,e1336,中文名
e1336,e62,朝代
e1336,e106,类型
e569,e569,中文名
e569,e320,朝代
e569,e106,类型
e569,e766,窑口
e1008,e1008,中文名
e1008,e320,朝代
e1008,e106,类型
e1008,e118,窑口
e1000,e1000,中文名
e1000,e1310,朝代
e1000,e106,类型
e1000,e233,窑口
e1000,e206,纹饰
e1000,e979,意义
e1405,e1405,中文名
e1405,e1310,朝代
e1405,e106,类型
e1405,e233,窑口
e575,e575,中文名
e575,e1310,朝代
e575,e106,类型
e575,e233,窑口
e1082,e1082,中文名
e1082,e1310,朝代
e1082,e106,类型
e1082,e233,窑口
e175,e175,中文名
e175,e1310,朝代
e175,e106,类型
e175,e233,窑口
e175,e343,纹饰
e535,e535,中文名
e535,e1310,朝代
e535,e106,类型
e535,e233,窑口
e1226,e1226,中文名
e1226,e1310,朝代
e1226,e106,类型
e1226,e233,窑口
e1200,e1200,中文名
e1200,e1310,朝代
e1200,e106,类型
e1200,e233,窑口
e1445,e1445,中文名
e1445,e1310,朝代
e1445,e106,类型
e1445,e233,窑口
e1445,e218,纹饰
e1445,e783,意义
e1013,e1013,中文名
e1013,e1310,朝代
e1013,e106,类型
e1013,e233,窑口
e1013,e920,纹饰
e1013,e1016,形状
e1013,e783,意义
e1163,e1163,中文名
e1163,e836,朝代
e1163,e106,类型
e1163,e233,窑口
e1163,e1016,形状
e387,e387,中文名
e387,e1310,朝代
e387,e106,类型
e387,e233,窑口
e387,e160,纹饰
e149,e149,中文名
e149,e1310,朝代
e149,e106,类型
e149,e233,窑口
e149,e218,纹饰
e149,e783,意义
e917,e917,中文名
e917,e1310,朝代
e917,e106,类型
e917,e233,窑口
e917,e1016,形状
e1364,e1364,中文名
e1364,e1310,朝代
e1364,e106,类型
e1364,e233,窑口
e48,e48,中文名
e48,e257,朝代
e48,e106,类型
e48,e233,窑口
e48,e206,纹饰
e48,e1016,形状
e48,e783,意义
e1141,e1141,中文名
e1141,e257,朝代
e1141,e106,类型
e1141,e233,窑口
e1141,e471,纹饰
e1141,e783,意义
e969,e969,中文名
e969,e1310,朝代
e969,e106,类型
e969,e233,窑口
e969,e206,纹饰
e969,e783,意义
e280,e280,中文名
e280,e257,朝代
e280,e106,类型
e280,e233,窑口
e657,e657,中文名
e657,e257,朝代
e657,e106,类型
e657,e233,窑口
e657,e979,意义
e1188,e1188,中文名
e1188,e257,朝代
e1188,e106,类型
e1188,e233,窑口
e1188,e218,纹饰
e1188,e783,意义
e227,e227,中文名
e227,e257,朝代
e227,e106,类型
e227,e233,窑口
e227,e206,纹饰
e227,e783,意义
e227,e227,中文名
e227,e257,朝代
e227,e106,类型
e227,e233,窑口
e227,e206,纹饰
e227,e783,意义
e259,e259,中文名
e259,e257,朝代
e259,e106,类型
e259,e233,窑口
e259,e797,纹饰
e1138,e1138,中文名
e1138,e257,朝代
e1138,e106,类型
e1138,e233,窑口
e1138,e1016,形状
e373,e373,中文名
e373,e257,朝代
e373,e106,类型
e373,e233,窑口
e373,e218,纹饰
e373,e783,意义
e680,e680,中文名
e680,e257,朝代
e680,e106,类型
e680,e233,窑口
e680,e206,纹饰
e680,e783,意义
e478,e478,中文名
e478,e257,朝代
e478,e106,类型
e478,e233,窑口
e478,e343,纹饰
e1280,e1280,中文名
e1280,e320,朝代
e1280,e106,类型
e1280,e233,窑口
e324,e324,中文名
e324,e836,朝代
e324,e106,类型
e324,e233,窑口
e456,e456,中文名
e456,e257,朝代
e456,e106,类型
e456,e233,窑口
e793,e793,中文名
e793,e257,朝代
e793,e106,类型
e793,e233,窑口
e1161,e1161,中文名
e1161,e257,朝代
e1161,e106,类型
e1161,e233,窑口
e1161,e206,纹饰
e1161,e783,意义
e1116,e1116,中文名
e1116,e257,朝代
e1116,e106,类型
e1116,e233,窑口
e1116,e206,纹饰
e1116,e783,意义
e243,e243,中文名
e243,e257,朝代
e243,e106,类型
e243,e233,窑口
e243,e206,纹饰
e243,e783,意义
e1060,e1060,中文名
e1060,e257,朝代
e1060,e106,类型
e1060,e233,窑口
e1060,e471,纹饰
e1060,e783,意义
e1288,e1288,中文名
e1288,e257,朝代
e1288,e106,类型
e1288,e233,窑口
e1389,e1389,中文名
e1389,e836,朝代
e1389,e106,类型
e1389,e233,窑口
e1296,e1296,中文名
e1296,e257,朝代
e1296,e106,类型
e1296,e233,窑口
e763,e763,中文名
e763,e257,朝代
e763,e106,类型
e763,e233,窑口
e1407,e1407,中文名
e1407,e257,朝代
e1407,e106,类型
e1407,e233,窑口
e884,e884,中文名
e884,e836,朝代
e884,e106,类型
e884,e233,窑口
e884,e1016,形状
e334,e334,中文名
e334,e1310,朝代
e334,e106,类型
e334,e233,窑口
e654,e654,中文名
e654,e257,朝代
e654,e106,类型
e654,e233,窑口
e654,e206,纹饰
e654,e783,意义
e729,e729,中文名
e729,e257,朝代
e729,e106,类型
e729,e233,窑口
e74,e74,中文名
e74,e257,朝代
e74,e106,类型
e74,e233,窑口
e74,e797,纹饰
e1441,e1441,中文名
e1441,e257,朝代
e1441,e106,类型
e1441,e233,窑口
e1264,e1264,中文名
e1264,e257,朝代
e1264,e106,类型
e1264,e233,窑口
e1214,e1214,中文名
e1214,e257,朝代
e1214,e106,类型
e1214,e233,窑口
e1214,e621,纹饰
e1474,e1474,中文名
e1474,e257,朝代
e1474,e106,类型
e1474,e233,窑口
e1193,e1193,中文名
e1193,e257,朝代
e1193,e106,类型
e1193,e233,窑口
e1193,e1026,纹饰
e235,e235,中文名
e235,e257,朝代
e235,e106,类型
e235,e233,窑口
e36,e36,中文名
e36,e1078,朝代
e36,e106,类型
e36,e233,窑口
e439,e439,中文名
e439,e1301,朝代
e439,e106,类型
e439,e233,窑口
e440,e440,中文名
e440,e1301,朝代
e440,e106,类型
e440,e233,窑口
e219,e219,中文名
e219,e1301,朝代
e219,e106,类型
e219,e233,窑口
e1453,e1453,中文名
e1453,e1301,朝代
e1453,e106,类型
e1453,e233,窑口
e1453,e621,纹饰
e429,e429,中文名
e429,e1301,朝代
e429,e106,类型
e429,e233,窑口
e442,e442,中文名
e442,e1301,朝代
e442,e106,类型
e442,e233,窑口
e565,e565,中文名
e565,e257,朝代
e565,e106,类型
e565,e233,窑口
e565,e471,纹饰
e520,e520,中文名
e520,e257,朝代
e520,e106,类型
e520,e233,窑口
e520,e218,纹饰
e520,e783,意义
e441,e441,中文名
e441,e257,朝代
e441,e106,类型
e441,e233,窑口
e441,e920,纹饰
e441,e783,意义
e1326,e1326,中文名
e1326,e257,朝代
e1326,e106,类型
e1326,e233,窑口
e1344,e1344,中文名
e1344,e257,朝代
e1344,e106,类型
e1344,e233,窑口
e1344,e797,纹饰
e1344,e783,意义
e406,e406,中文名
e406,e257,朝代
e406,e106,类型
e406,e233,窑口
e1321,e1321,中文名
e1321,e257,朝代
e1321,e106,类型
e1321,e233,窑口
e474,e474,中文名
e474,e424,朝代
e474,e957,类型
e474,e777,窑口
e646,e646,中文名
e646,e424,朝代
e646,e957,类型
e646,e777,窑口
e646,e1016,形状
e426,e426,中文名
e426,e91,朝代
e426,e957,类型
e426,e777,窑口
e426,e797,纹饰
e974,e974,中文名
e974,e382,朝代
e974,e957,类型
e974,e903,纹饰
e132,e132,中文名
e132,e526,朝代
e132,e957,类型
e132,e777,窑口
e132,e797,纹饰
e138,e138,中文名
e138,e320,朝代
e138,e957,类型
e138,e777,窑口
e1202,e1202,中文名
e1202,e994,朝代
e1202,e957,类型
e1202,e777,窑口
e1202,e797,纹饰
e1202,e979,意义
e304,e304,中文名
e304,e91,朝代
e304,e957,类型
e304,e777,窑口
e1064,e1064,中文名
e1064,e424,朝代
e1064,e957,类型
e1064,e777,窑口
e1064,e979,意义
e1064,e1016,形状
e855,e855,中文名
e855,e424,朝代
e855,e957,类型
e855,e777,窑口
e855,e206,纹饰
e855,e783,意义
e926,e926,中文名
e926,e1314,朝代
e926,e957,类型
e926,e777,窑口
e926,e765,意义
e636,e636,中文名
e636,e424,朝代
e636,e957,类型
e636,e777,窑口
e636,e1016,形状
e1208,e1208,中文名
e1208,e147,朝代
e1208,e957,类型
e1208,e777,窑口
e1208,e920,纹饰
e1208,e783,意义
e523,e523,中文名
e523,e526,朝代
e523,e957,类型
e523,e777,窑口
e523,e343,纹饰
e695,e695,中文名
e695,e147,朝代
e695,e957,类型
e695,e777,窑口
e695,e783,意义
e939,e939,中文名
e939,e1314,朝代
e939,e957,类型
e939,e777,窑口
e939,e621,纹饰
e72,e72,中文名
e72,e424,朝代
e72,e957,类型
e72,e777,窑口
e72,e343,纹饰
e1282,e1282,中文名
e1282,e1314,朝代
e1282,e957,类型
e1282,e777,窑口
e288,e288,中文名
e288,e91,朝代
e288,e957,类型
e288,e777,窑口
e288,e343,纹饰
e469,e469,中文名
e469,e424,朝代
e469,e957,类型
e589,e589,中文名
e589,e424,朝代
e589,e957,类型
e589,e777,窑口
e589,e343,纹饰
e1154,e1154,中文名
e1154,e541,朝代
e1154,e957,类型
e1154,e777,窑口
e1154,e206,纹饰
e1154,e783,意义
e89,e89,中文名
e89,e541,朝代
e89,e957,类型
e89,e777,窑口
e89,e862,纹饰
e89,e1016,形状
e89,e979,意义
e350,e350,中文名
e350,e541,朝代
e350,e957,类型
e350,e777,窑口
e350,e1016,形状
e350,e979,意义
e632,e632,中文名
e632,e541,朝代
e632,e957,类型
e632,e777,窑口
e632,e206,纹饰
e632,e1016,形状
e632,e783,意义
e1174,e1174,中文名
e1174,e1388,朝代
e1174,e957,类型
e1174,e777,窑口
e156,e156,中文名
e156,e326,朝代
e156,e957,类型
e156,e777,窑口
e156,e705,纹饰
e156,e783,意义
e145,e145,中文名
e145,e424,朝代
e145,e957,类型
e145,e777,窑口
e145,e979,意义
e111,e111,中文名
e111,e424,朝代
e111,e957,类型
e111,e1016,形状
e768,e768,中文名
e768,e147,朝代
e768,e957,类型
e768,e777,窑口
e768,e343,纹饰
e886,e886,中文名
e886,e147,朝代
e886,e957,类型
e886,e777,窑口
e886,e343,纹饰
e309,e309,中文名
e309,e147,朝代
e309,e957,类型
e309,e777,窑口
e1024,e1024,中文名
e1024,e1314,朝代
e1024,e957,类型
e1024,e777,窑口
e1024,e218,纹饰
e1024,e783,意义
e915,e915,中文名
e915,e1314,朝代
e915,e957,类型
e915,e777,窑口
e2,e2,中文名
e2,e1314,朝代
e2,e957,类型
e2,e777,窑口
e2,e797,纹饰
e250,e250,中文名
e250,e147,朝代
e250,e957,类型
e250,e777,窑口
e250,e979,意义
e629,e629,中文名
e629,e147,朝代
e629,e957,类型
e629,e777,窑口
e824,e824,中文名
e824,e147,朝代
e824,e957,类型
e824,e777,窑口
e824,e343,纹饰
e1009,e1009,中文名
e1009,e147,朝代
e1009,e957,类型
e1009,e777,窑口
e1009,e343,纹饰
e521,e521,中文名
e521,e147,朝代
e521,e957,类型
e521,e777,窑口
e1057,e1057,中文名
e1057,e424,朝代
e1057,e957,类型
e1057,e979,意义
e416,e416,中文名
e416,e453,朝代
e416,e957,类型
e416,e777,窑口
e416,e343,纹饰
e992,e992,中文名
e992,e147,朝代
e992,e957,类型
e992,e777,窑口
e1006,e1006,中文名
e1006,e541,朝代
e1006,e957,类型
e1006,e777,窑口
e549,e549,中文名
e549,e1459,朝代
e549,e957,类型
e549,e777,窑口
e516,e516,中文名
e516,e541,朝代
e516,e957,类型
e516,e777,窑口
e560,e560,中文名
e560,e541,朝代
e560,e957,类型
e560,e777,窑口
e681,e681,中文名
e681,e541,朝代
e681,e957,类型
e681,e777,窑口
e681,e797,纹饰
e681,e783,意义
e529,e529,中文名
e529,e1459,朝代
e529,e957,类型
e529,e777,窑口
e1088,e1088,中文名
e1088,e326,朝代
e1088,e957,类型
e1088,e777,窑口
e967,e967,中文名
e967,e541,朝代
e967,e957,类型
e967,e777,窑口
e967,e1016,形状
e1184,e1184,中文名
e1184,e326,朝代
e1184,e957,类型
e1184,e777,窑口
e1361,e1361,中文名
e1361,e326,朝代
e1361,e957,类型
e1361,e777,窑口
e181,e181,中文名
e181,e326,朝代
e181,e957,类型
e181,e777,窑口
e998,e998,中文名
e998,e326,朝代
e998,e957,类型
e998,e777,窑口
e998,e1016,形状
e544,e544,中文名
e544,e326,朝代
e544,e957,类型
e544,e777,窑口
e544,e1016,形状
e536,e536,中文名
e536,e326,朝代
e536,e957,类型
e536,e777,窑口
e1095,e1095,中文名
e1095,e326,朝代
e1095,e957,类型
e1095,e777,窑口
e252,e252,中文名
e252,e326,朝代
e252,e957,类型
e252,e777,窑口
e810,e810,中文名
e810,e326,朝代
e810,e957,类型
e810,e777,窑口
e1467,e1467,中文名
e1467,e1459,朝代
e1467,e957,类型
e1467,e777,窑口
e181,e181,中文名
e181,e326,朝代
e181,e957,类型
e181,e777,窑口
e1234,e1234,中文名
e1234,e326,朝代
e1234,e957,类型
e1234,e777,窑口
e1234,e797,纹饰
e762,e762,中文名
e762,e541,朝代
e762,e957,类型
e762,e777,窑口
e572,e572,中文名
e572,e541,朝代
e572,e957,类型
e572,e777,窑口
e572,e385,意义
e470,e470,中文名
e470,e541,朝代
e470,e957,类型
e470,e777,窑口
e470,e797,纹饰
e454,e454,中文名
e454,e541,朝代
e454,e957,类型
e454,e777,窑口
e454,e797,纹饰
e1447,e1447,中文名
e1447,e541,朝代
e1447,e957,类型
e1447,e777,窑口
e985,e985,中文名
e985,e1459,朝代
e985,e957,类型
e985,e777,窑口
e985,e385,意义
e1068,e1068,中文名
e1068,e541,朝代
e1068,e957,类型
e1068,e777,窑口
e1068,e797,纹饰
e390,e390,中文名
e390,e326,朝代
e390,e957,类型
e390,e777,窑口
e390,e206,纹饰
e390,e783,意义
e909,e909,中文名
e909,e500,朝代
e909,e957,类型
e909,e777,窑口
e909,e797,纹饰
e431,e431,中文名
e431,e415,朝代
e431,e957,类型
e431,e777,窑口
e431,e206,纹饰
e431,e783,意义
e868,e868,中文名
e868,e541,朝代
e868,e957,类型
e868,e777,窑口
e868,e862,纹饰
e868,e783,意义
e567,e567,中文名
e567,e541,朝代
e567,e957,类型
e567,e777,窑口
e881,e881,中文名
e881,e500,朝代
e881,e957,类型
e881,e777,窑口
e881,e343,纹饰
e158,e158,中文名
e158,e267,朝代
e158,e957,类型
e158,e777,窑口
e1302,e1302,中文名
e1302,e267,朝代
e1302,e957,类型
e1302,e777,窑口
e1302,e343,纹饰
e749,e749,中文名
e749,e147,朝代
e749,e957,类型
e749,e777,窑口
e749,e343,纹饰
e668,e668,中文名
e668,e147,朝代
e668,e957,类型
e668,e777,窑口
e668,e343,纹饰
e404,e404,中文名
e404,e1314,朝代
e404,e957,类型
e404,e777,窑口
e404,e343,纹饰
e508,e508,中文名
e508,e1314,朝代
e508,e957,类型
e508,e777,窑口
e1030,e1030,中文名
e1030,e424,朝代
e1030,e957,类型
e1030,e777,窑口
e1030,e621,纹饰
e1030,e1016,形状
e1030,e979,意义
e1305,e1305,中文名
e1305,e541,朝代
e1305,e957,类型
e1305,e777,窑口
e945,e945,中文名
e945,e382,朝代
e945,e957,类型
e945,e777,窑口
e1162,e1162,中文名
e1162,e424,朝代
e1162,e957,类型
e1162,e777,窑口
e1162,e621,纹饰
e633,e633,中文名
e633,e196,朝代
e633,e97,类型
e633,e777,窑口
e1059,e1059,中文名
e1059,e320,朝代
e1059,e97,类型
e1059,e777,窑口
e1059,e218,纹饰
e1059,e783,意义
e1472,e1472,中文名
e1472,e836,朝代
e1472,e106,类型
e1472,e214,窑口
e108,e108,中文名
e108,e836,朝代
e108,e106,类型
e108,e375,窑口
e108,e1440,纹饰
e59,e59,中文名
e59,e1310,朝代
e59,e97,类型
e59,e118,窑口
e59,e920,纹饰
e59,e783,意义
e202,e202,中文名
e202,e320,朝代
e202,e106,类型
e202,e284,窑口
e497,e497,中文名
e497,e320,朝代
e497,e97,类型
e497,e118,窑口
e1358,e1358,中文名
e1358,e735,朝代
e1358,e97,类型
e1358,e777,窑口
e1358,e206,纹饰
e1358,e783,意义
e921,e921,中文名
e921,e984,朝代
e921,e97,类型
e921,e777,窑口
e921,e206,纹饰
e921,e783,意义
e1105,e1105,中文名
e1105,e526,朝代
e1105,e97,类型
e1105,e777,窑口
e1105,e920,纹饰
e1105,e979,意义
e1410,e1410,中文名
e1410,e526,朝代
e1410,e106,类型
e1410,e777,窑口
e1185,e1185,中文名
e1185,e196,朝代
e1185,e54,类型
e1185,e777,窑口
e297,e297,中文名
e297,e196,朝代
e297,e54,类型
e297,e777,窑口
e297,e621,纹饰
e989,e989,中文名
e989,e196,朝代
e989,e54,类型
e989,e777,窑口
e989,e920,纹饰
e989,e1016,形状
e1041,e1041,中文名
e1041,e196,朝代
e1041,e54,类型
e1041,e777,窑口
e1041,e705,纹饰
e1041,e783,意义
e693,e693,中文名
e693,e500,朝代
e693,e97,类型
e693,e777,窑口
e50,e50,中文名
e50,e994,朝代
e50,e1136,类型
e50,e777,窑口
e50,e206,纹饰
e50,e783,意义
e1422,e1422,中文名
e1422,e453,朝代
e1422,e911,类型
e1422,e777,窑口
e1422,e343,纹饰
e56,e56,中文名
e56,e196,朝代
e56,e54,类型
e56,e777,窑口
e272,e272,中文名
e272,e196,朝代
e272,e54,类型
e272,e777,窑口
e209,e209,中文名
e209,e196,朝代
e209,e54,类型
e209,e777,窑口
e769,e769,中文名
e769,e526,朝代
e769,e97,类型
e769,e777,窑口
e769,e920,纹饰
e31,e31,中文名
e31,e735,朝代
e31,e106,类型
e31,e777,窑口
e31,e343,纹饰
e675,e675,中文名
e675,e851,朝代
e675,e97,类型
e675,e777,窑口
e519,e519,中文名
e519,e851,朝代
e519,e106,类型
e519,e777,窑口
e519,e343,纹饰
e942,e942,中文名
e942,e147,朝代
e942,e97,类型
e942,e777,窑口
e942,e797,纹饰
e832,e832,中文名
e832,e147,朝代
e832,e97,类型
e832,e777,窑口
e445,e445,中文名
e445,e147,朝代
e445,e97,类型
e445,e777,窑口
e445,e979,意义
e363,e363,中文名
e363,e147,朝代
e363,e1075,类型
e363,e777,窑口
e363,e1016,形状
e568,e568,中文名
e568,e424,朝代
e568,e656,类型
e568,e777,窑口
e476,e476,中文名
e476,e424,朝代
e476,e97,类型
e476,e777,窑口
e760,e760,中文名
e760,e91,朝代
e760,e656,类型
e760,e777,窑口
e641,e641,中文名
e641,e1459,朝代
e641,e656,类型
e641,e777,窑口
e641,e206,纹饰
e641,e783,意义
e617,e617,中文名
e617,e326,朝代
e617,e656,类型
e617,e777,窑口
e376,e376,中文名
e376,e836,朝代
e376,e106,类型
e376,e233,窑口
e376,e783,意义
e236,e236,中文名
e236,e424,朝代
e236,e106,类型
e236,e973,窑口
e51,e51,中文名
e51,e1459,朝代
e51,e106,类型
e51,e784,窑口
e355,e355,中文名
e355,e541,朝代
e355,e656,类型
e355,e979,意义
e246,e246,中文名
e246,e147,朝代
e246,e911,类型
e246,e777,窑口
e246,e666,纹饰
e246,e1016,形状
e481,e481,中文名
e481,e1011,朝代
e481,e106,类型
e481,e797,纹饰
e481,e1016,形状
e706,e706,中文名
e706,e182,朝代
e706,e106,类型
e706,e621,纹饰
e1050,e1050,中文名
e1050,e196,朝代
e1050,e54,类型
e1050,e180,意义
e1249,e1249,中文名
e1249,e1314,朝代
e1249,e54,类型
e287,e287,中文名
e287,e147,朝代
e287,e1136,类型
e1269,e1269,中文名
e1269,e541,朝代
e1269,e656,类型
e1269,e777,窑口
e146,e146,中文名
e146,e326,朝代
e146,e106,类型
e146,e777,窑口
e1248,e1248,中文名
e1248,e1459,朝代
e1248,e656,类型
e1248,e777,窑口
e1248,e206,纹饰
e1248,e783,意义
e264,e264,中文名
e264,e541,朝代
e264,e656,类型
e264,e777,窑口
e264,e206,纹饰
e264,e1016,形状
e264,e783,意义
e1107,e1107,中文名
e1107,e62,朝代
e1107,e1353,类型
e1107,e1353,窑口
e821,e821,中文名
e821,e62,朝代
e821,e1353,类型
e821,e1353,窑口
e307,e307,中文名
e307,e1459,朝代
e307,e1353,类型
e307,e1353,窑口
e448,e448,中文名
e448,e62,朝代
e448,e1353,类型
e448,e1353,窑口
e1107,e1107,中文名
e1107,e62,朝代
e1107,e1353,类型
e1107,e1353,窑口
e1289,e1289,中文名
e1289,e62,朝代
e1289,e106,类型
e1289,e1203,窑口
e978,e978,中文名
e978,e147,朝代
e978,e1136,类型
e978,e777,窑口
e781,e781,中文名
e781,e541,朝代
e781,e656,类型
e781,e777,窑口
e781,e1016,形状
e1239,e1239,中文名
e1239,e1459,朝代
e1239,e656,类型
e1239,e777,窑口
e1037,e1037,中文名
e1037,e541,朝代
e1037,e656,类型
e1037,e777,窑口
e1037,e1037,中文名
e1037,e541,朝代
e1037,e656,类型
e1037,e777,窑口
e1097,e1097,中文名
e1097,e541,朝代
e1097,e656,类型
e1097,e777,窑口
e1431,e1431,中文名
e1431,e541,朝代
e1431,e656,类型
e1431,e777,窑口
e805,e805,中文名
e805,e541,朝代
e805,e656,类型
e805,e777,窑口
e805,e979,意义
e805,e1016,形状
e286,e286,中文名
e286,e541,朝代
e286,e656,类型
e286,e777,窑口
e225,e225,中文名
e225,e541,朝代
e225,e656,类型
e225,e777,窑口
e225,e765,意义
e143,e143,中文名
e143,e541,朝代
e143,e656,类型
e143,e777,窑口
e1258,e1258,中文名
e1258,e541,朝代
e1258,e1136,类型
e1258,e777,窑口
e506,e506,中文名
e506,e541,朝代
e506,e656,类型
e506,e777,窑口
e504,e504,中文名
e504,e541,朝代
e504,e656,类型
e504,e777,窑口
e504,e765,意义
e41,e41,中文名
e41,e541,朝代
e41,e656,类型
e41,e777,窑口
e1427,e1427,中文名
e1427,e541,朝代
e1427,e656,类型
e1427,e777,窑口
e1269,e1269,中文名
e1269,e541,朝代
e1269,e656,类型
e1269,e777,窑口
e20,e20,中文名
e20,e1459,朝代
e20,e656,类型
e20,e777,窑口
e1096,e1096,中文名
e1096,e541,朝代
e1096,e656,类型
e1096,e777,窑口
e1396,e1396,中文名
e1396,e541,朝代
e1396,e656,类型
e1396,e777,窑口
e1396,e797,纹饰
e933,e933,中文名
e933,e541,朝代
e933,e656,类型
e933,e777,窑口
e933,e979,意义
e1053,e1053,中文名
e1053,e541,朝代
e1053,e656,类型
e1053,e777,窑口
e1293,e1293,中文名
e1293,e541,朝代
e1293,e656,类型
e1293,e777,窑口
e1293,e1016,形状
e1053,e1053,中文名
e1053,e541,朝代
e1053,e656,类型
e1053,e777,窑口
e187,e187,中文名
e187,e1459,朝代
e187,e656,类型
e187,e777,窑口
e187,e797,纹饰
e187,e1016,形状
e116,e116,中文名
e116,e541,朝代
e116,e656,类型
e116,e777,窑口
e116,e797,纹饰
e1029,e1029,中文名
e1029,e541,朝代
e1029,e656,类型
e1029,e777,窑口
e509,e509,中文名
e509,e541,朝代
e509,e656,类型
e509,e777,窑口
e509,e979,意义
e547,e547,中文名
e547,e541,朝代
e547,e656,类型
e547,e777,窑口
e547,e385,意义
e772,e772,中文名
e772,e541,朝代
e772,e656,类型
e772,e777,窑口
e1451,e1451,中文名
e1451,e326,朝代
e1451,e656,类型
e1451,e777,窑口
e1451,e1016,形状
e1451,e979,意义
e451,e451,中文名
e451,e326,朝代
e451,e656,类型
e451,e777,窑口
e451,e797,纹饰
e121,e121,中文名
e121,e326,朝代
e121,e656,类型
e121,e777,窑口
e121,e797,纹饰
e311,e311,中文名
e311,e326,朝代
e311,e656,类型
e311,e777,窑口
e1489,e1489,中文名
e1489,e326,朝代
e1489,e656,类型
e1489,e777,窑口
e1489,e206,纹饰
e1489,e783,意义
e733,e733,中文名
e733,e326,朝代
e733,e656,类型
e733,e777,窑口
e733,e206,纹饰
e733,e1016,形状
e733,e783,意义
e916,e916,中文名
e916,e1459,朝代
e916,e97,类型
e916,e777,窑口
e916,e206,纹饰
e916,e783,意义
e265,e265,中文名
e265,e326,朝代
e265,e656,类型
e265,e777,窑口
e980,e980,中文名
e980,e326,朝代
e980,e656,类型
e980,e777,窑口
e980,e1016,形状
e265,e265,中文名
e265,e326,朝代
e265,e656,类型
e265,e777,窑口
e265,e797,纹饰
e622,e622,中文名
e622,e1459,朝代
e622,e656,类型
e622,e777,窑口
e622,e1016,形状
e423,e423,中文名
e423,e326,朝代
e423,e656,类型
e423,e777,窑口
e423,e797,纹饰
e268,e268,中文名
e268,e326,朝代
e268,e656,类型
e268,e777,窑口
e268,e1016,形状
e1469,e1469,中文名
e1469,e1459,朝代
e1469,e656,类型
e1469,e777,窑口
e1469,e1016,形状
e211,e211,中文名
e211,e326,朝代
e211,e656,类型
e211,e777,窑口
e829,e829,中文名
e829,e326,朝代
e829,e656,类型
e829,e777,窑口
e829,e920,纹饰
e829,e1016,形状
e571,e571,中文名
e571,e326,朝代
e571,e656,类型
e571,e777,窑口
e571,e920,纹饰
e1137,e1137,中文名
e1137,e326,朝代
e1137,e656,类型
e1137,e777,窑口
e1137,e343,纹饰
e1137,e783,意义
e577,e577,中文名
e577,e541,朝代
e577,e97,类型
e577,e777,窑口
e354,e354,中文名
e354,e541,朝代
e354,e656,类型
e354,e777,窑口
e354,e1016,形状
e918,e918,中文名
e918,e541,朝代
e918,e656,类型
e918,e777,窑口
e918,e797,纹饰
e918,e1016,形状
e918,e385,意义
e384,e384,中文名
e384,e1459,朝代
e384,e656,类型
e384,e777,窑口
e1371,e1371,中文名
e1371,e1459,朝代
e1371,e656,类型
e1371,e777,窑口
e1371,e1016,形状
e1371,e979,意义
e746,e746,中文名
e746,e541,朝代
e746,e656,类型
e746,e777,窑口
e746,e1016,形状
e746,e979,意义
e1483,e1483,中文名
e1483,e326,朝代
e1483,e656,类型
e1483,e777,窑口
e1320,e1320,中文名
e1320,e541,朝代
e1320,e656,类型
e1320,e777,窑口
e1320,e385,意义
e1320,e1016,形状
e740,e740,中文名
e740,e326,朝代
e740,e97,类型
e740,e777,窑口
e740,e206,纹饰
e740,e1016,形状
e740,e783,意义
e282,e282,中文名
e282,e1459,朝代
e282,e656,类型
e282,e777,窑口
e282,e586,纹饰
e282,e1016,形状
e282,e979,意义
e465,e465,中文名
e465,e541,朝代
e465,e106,类型
e465,e777,窑口
e465,e1016,形状
e466,e466,中文名
e466,e1459,朝代
e466,e97,类型
e466,e777,窑口
e466,e206,纹饰
e466,e783,意义
e1114,e1114,中文名
e1114,e541,朝代
e1114,e656,类型
e1114,e777,窑口
e1114,e206,纹饰
e1114,e783,意义
e650,e650,中文名
e650,e541,朝代
e650,e106,类型
e650,e777,窑口
e400,e400,中文名
e400,e326,朝代
e400,e656,类型
e400,e777,窑口
e1018,e1018,中文名
e1018,e541,朝代
e1018,e656,类型
e1018,e777,窑口
e1018,e206,纹饰
e1018,e783,意义
e1074,e1074,中文名
e1074,e326,朝代
e1074,e656,类型
e1074,e777,窑口
e779,e779,中文名
e779,e326,朝代
e779,e656,类型
e779,e777,窑口
e893,e893,中文名
e893,e1459,朝代
e893,e656,类型
e893,e777,窑口
e1337,e1337,中文名
e1337,e326,朝代
e1337,e656,类型
e1337,e777,窑口
e1337,e979,意义
e1164,e1164,中文名
e1164,e1459,朝代
e1164,e656,类型
e1395,e1395,中文名
e1395,e0,朝代
e1395,e691,窑口
e1395,e666,纹饰
e65,e65,中文名
e65,e1459,朝代
e65,e709,类型
e65,e170,窑口
e65,e1016,形状
e991,e991,中文名
e991,e1459,朝代
e991,e170,窑口
e1480,e1480,中文名
e1480,e424,朝代
e1480,e170,窑口
e1480,e799,纹饰
e1480,e783,意义
e910,e910,中文名
e910,e424,朝代
e910,e170,窑口
e878,e878,中文名
e878,e1459,朝代
e878,e170,窑口
e716,e716,中文名
e716,e424,朝代
e716,e709,类型
e716,e170,窑口
e103,e103,中文名
e103,e424,朝代
e103,e170,窑口
e346,e346,中文名
e346,e424,朝代
e346,e709,类型
e346,e170,窑口
e1238,e1238,中文名
e1238,e0,朝代
e1238,e170,窑口
e1238,e1311,纹饰
e1238,e1016,形状
e356,e356,中文名
e356,e424,朝代
e356,e170,窑口
e356,e979,意义
e667,e667,中文名
e667,e424,朝代
e667,e170,窑口
e623,e623,中文名
e623,e0,朝代
e623,e170,窑口
e623,e979,意义
e1092,e1092,中文名
e1092,e1314,朝代
e1092,e170,窑口
e1092,e206,纹饰
e1092,e1016,形状
e1092,e783,意义
e165,e165,中文名
e165,e424,朝代
e165,e709,类型
e165,e170,窑口
e169,e169,中文名
e169,e1388,朝代
e169,e709,类型
e169,e170,窑口
e168,e168,中文名
e168,e326,朝代
e168,e709,类型
e168,e170,窑口
e1392,e1392,中文名
e1392,e415,朝代
e1392,e709,类型
e1392,e170,窑口
e1319,e1319,中文名
e1319,e326,朝代
e1319,e709,类型
e1319,e170,窑口
e645,e645,中文名
e645,e382,朝代
e645,e709,类型
e645,e170,窑口
e645,e1016,形状
e1211,e1211,中文名
e1211,e382,朝代
e1211,e709,类型
e1211,e170,窑口
e1198,e1198,中文名
e1198,e1459,朝代
e1198,e709,类型
e1198,e170,窑口
e1348,e1348,中文名
e1348,e91,朝代
e1348,e709,类型
e1348,e170,窑口
e135,e135,中文名
e135,e424,朝代
e135,e709,类型
e135,e170,窑口
e389,e389,中文名
e389,e91,朝代
e389,e709,类型
e389,e170,窑口
e922,e922,中文名
e922,e91,朝代
e922,e709,类型
e922,e170,窑口
e713,e713,中文名
e713,e1459,朝代
e713,e709,类型
e713,e170,窑口
e1443,e1443,中文名
e1443,e0,朝代
e1443,e170,窑口
e1443,e206,纹饰
e1443,e783,意义
e931,e931,中文名
e931,e0,朝代
e931,e81,类型
e931,e152,纹饰
e931,e979,意义
e931,e1016,形状
e303,e303,中文名
e303,e1459,朝代
e303,e709,类型
e303,e170,窑口
e787,e787,中文名
e787,e1459,朝代
e787,e709,类型
e787,e170,窑口
e1397,e1397,中文名
e1397,e1459,朝代
e1397,e709,类型
e1397,e170,窑口
e664,e664,中文名
e664,e1314,朝代
e664,e709,类型
e664,e170,窑口
e518,e518,中文名
e518,e1314,朝代
e518,e709,类型
e518,e170,窑口
e34,e34,中文名
e34,e91,朝代
e34,e709,类型
e34,e170,窑口
e1486,e1486,中文名
e1486,e1314,朝代
e1486,e709,类型
e1486,e170,窑口
e913,e913,中文名
e913,e1314,朝代
e913,e709,类型
e913,e170,窑口
e913,e206,纹饰
e913,e1016,形状
e913,e783,意义
e413,e413,中文名
e413,e1314,朝代
e413,e709,类型
e413,e170,窑口
e413,e1016,形状
e92,e92,中文名
e92,e91,朝代
e92,e709,类型
e92,e170,窑口
e674,e674,中文名
e674,e424,朝代
e674,e709,类型
e674,e170,窑口
e674,e152,纹饰
e237,e237,中文名
e237,e424,朝代
e237,e709,类型
e237,e170,窑口
e1083,e1083,中文名
e1083,e424,朝代
e1083,e709,类型
e1083,e170,窑口
e1083,e1016,形状
e1297,e1297,中文名
e1297,e424,朝代
e1297,e709,类型
e1297,e170,窑口
e1297,e1016,形状
e195,e195,中文名
e195,e424,朝代
e195,e709,类型
e195,e170,窑口
e195,e1016,形状
e37,e37,中文名
e37,e1314,朝代
e37,e709,类型
e37,e170,窑口
e780,e780,中文名
e780,e1314,朝代
e780,e709,类型
e780,e170,窑口
e780,e586,纹饰
e780,e1016,形状
e747,e747,中文名
e747,e1314,朝代
e747,e709,类型
e747,e170,窑口
e747,e797,纹饰
e734,e734,中文名
e734,e1314,朝代
e734,e709,类型
e734,e170,窑口
e11,e11,中文名
e11,e1314,朝代
e11,e709,类型
e11,e170,窑口
e1205,e1205,中文名
e1205,e1314,朝代
e1205,e709,类型
e1205,e170,窑口
e1205,e1016,形状
e804,e804,中文名
e804,e1459,朝代
e804,e97,类型
e1484,e1484,中文名
e1484,e382,朝代
e1484,e106,类型
e846,e846,中文名
e846,e147,朝代
e846,e97,类型
e559,e559,中文名
e559,e147,朝代
e559,e106,类型
e96,e96,中文名
e96,e62,朝代
e96,e97,类型
e96,e1328,窑口
e96,e979,意义
e630,e630,中文名
e630,e320,朝代
e630,e97,类型
e630,e118,窑口
e630,e666,纹饰
e1261,e1261,中文名
e1261,e1434,朝代
e1261,e97,类型
e1261,e1016,形状
e790,e790,中文名
e790,e1221,朝代
e790,e97,类型
e790,e1016,形状
e1167,e1167,中文名
e1167,e279,朝代
e1167,e106,类型
e1210,e1210,中文名
e1210,e932,朝代
e1210,e911,类型
e1482,e1482,中文名
e1482,e147,朝代
e1482,e97,类型
e1482,e777,窑口
e951,e951,中文名
e951,e147,朝代
e951,e1136,类型
e951,e777,窑口
e951,e1016,形状
e1094,e1094,中文名
e1094,e147,朝代
e1094,e1136,类型
e1094,e777,窑口
e963,e963,中文名
e963,e147,朝代
e963,e1136,类型
e963,e777,窑口
e216,e216,中文名
e216,e147,朝代
e216,e1136,类型
e216,e777,窑口
e216,e1016,形状
e216,e979,意义
e937,e937,中文名
e937,e147,朝代
e937,e1136,类型
e937,e777,窑口
e127,e127,中文名
e127,e147,朝代
e127,e1136,类型
e127,e777,窑口
e961,e961,中文名
e961,e147,朝代
e961,e1136,类型
e961,e777,窑口
e961,e979,意义
e479,e479,中文名
e479,e147,朝代
e479,e1136,类型
e479,e777,窑口
e479,e979,意义
e171,e171,中文名
e171,e147,朝代
e171,e1136,类型
e171,e777,窑口
e171,e797,纹饰
e171,e1016,形状
e1108,e1108,中文名
e1108,e147,朝代
e1108,e1136,类型
e1108,e777,窑口
e1108,e979,意义
e637,e637,中文名
e637,e424,朝代
e637,e97,类型
e637,e777,窑口
e637,e343,纹饰
e1385,e1385,中文名
e1385,e424,朝代
e1385,e97,类型
e1385,e777,窑口
e79,e79,中文名
e79,e147,朝代
e79,e97,类型
e79,e777,窑口
e1287,e1287,中文名
e1287,e851,朝代
e1287,e97,类型
e1287,e777,窑口
e1287,e343,纹饰
e1123,e1123,中文名
e1123,e1197,朝代
e1123,e1136,类型
e1123,e777,窑口
e1428,e1428,中文名
e1428,e994,朝代
e1428,e97,类型
e1428,e777,窑口
e102,e102,中文名
e102,e453,朝代
e102,e97,类型
e102,e777,窑口
e102,e765,意义
e102,e1016,形状
e640,e640,中文名
e640,e1355,朝代
e640,e97,类型
e640,e777,窑口
e925,e925,中文名
e925,e1355,朝代
e925,e97,类型
e925,e777,窑口
e925,e797,纹饰
e422,e422,中文名
e422,e1355,朝代
e422,e97,类型
e422,e777,窑口
e422,e979,意义
e1274,e1274,中文名
e1274,e104,朝代
e1274,e97,类型
e1274,e777,窑口
e1274,e621,纹饰
e1274,e979,意义
e1334,e1334,中文名
e1334,e1160,朝代
e1334,e97,类型
e1334,e777,窑口
e988,e988,中文名
e988,e1160,朝代
e988,e97,类型
e988,e777,窑口
e988,e797,纹饰
e809,e809,中文名
e809,e91,朝代
e809,e656,类型
e809,e777,窑口
e809,e1016,形状
e809,e979,意义
e1065,e1065,中文名
e1065,e424,朝代
e1065,e656,类型
e1065,e777,窑口
e1253,e1253,中文名
e1253,e424,朝代
e1253,e656,类型
e1253,e777,窑口
e1446,e1446,中文名
e1446,e424,朝代
e1446,e911,类型
e1446,e777,窑口
e1446,e979,意义
e1196,e1196,中文名
e1196,e1314,朝代
e1196,e106,类型
e1196,e777,窑口
e1196,e797,纹饰
e153,e153,中文名
e153,e1314,朝代
e153,e106,类型
e153,e777,窑口
e19,e19,中文名
e19,e424,朝代
e19,e1075,类型
e19,e75,窑口
e19,e920,纹饰
e357,e357,中文名
e357,e1314,朝代
e357,e1075,类型
e357,e75,窑口
e997,e997,中文名
e997,e1314,朝代
e997,e656,类型
e997,e777,窑口
e863,e863,中文名
e863,e147,朝代
e863,e1136,类型
e863,e777,窑口
e863,e343,纹饰
e321,e321,中文名
e321,e851,朝代
e321,e106,类型
e321,e777,窑口
e321,e343,纹饰
e591,e591,中文名
e591,e1434,朝代
e591,e97,类型
e591,e777,窑口
e1398,e1398,中文名
e1398,e994,朝代
e1398,e106,类型
e1398,e777,窑口
e1398,e343,纹饰
e856,e856,中文名
e856,e1434,朝代
e856,e1136,类型
e856,e777,窑口
e856,e621,纹饰
e739,e739,中文名
e739,e526,朝代
e739,e1136,类型
e739,e777,窑口
e739,e621,纹饰
e564,e564,中文名
e564,e267,朝代
e564,e54,类型
e564,e777,窑口
e564,e799,纹饰
e564,e1016,形状
e564,e783,意义
e329,e329,中文名
e329,e526,朝代
e329,e97,类型
e329,e777,窑口
e767,e767,中文名
e767,e453,朝代
e767,e106,类型
e767,e284,窑口
e767,e797,纹饰
e767,e1016,形状
e767,e767,中文名
e767,e1221,朝代
e767,e106,类型
e767,e284,窑口
e767,e1016,形状
e1067,e1067,中文名
e1067,e1459,朝代
e1067,e656,类型
e1300,e1300,中文名
e1300,e1459,朝代
e1300,e656,类型
e1300,e1016,形状
e344,e344,中文名
e344,e1314,朝代
e344,e97,类型
e8,e8,中文名
e8,e1459,朝代
e8,e656,类型
e671,e671,中文名
e671,e382,朝代
e671,e656,类型
e1109,e1109,中文名
e1109,e1459,朝代
e1109,e97,类型
e737,e737,中文名
e737,e382,朝代
e737,e656,类型
e98,e98,中文名
e98,e836,朝代
e98,e106,类型
e1183,e1183,中文名
e1183,e541,朝代
e1183,e656,类型
e53,e53,中文名
e53,e147,朝代
e53,e106,类型
e53,e1016,形状
e1481,e1481,中文名
e1481,e415,朝代
e1481,e656,类型
e598,e598,中文名
e598,e541,朝代
e598,e97,类型
e1164,e1164,中文名
e1164,e1459,朝代
e1164,e656,类型
e807,e807,中文名
e807,e1459,朝代
e807,e54,类型
e240,e240,中文名
e240,e1459,朝代
e240,e106,类型
e240,e1016,形状
e1164,e1164,中文名
e1164,e1459,朝代
e1164,e656,类型
e642,e642,中文名
e642,e415,朝代
e642,e656,类型
e642,e1016,形状
e248,e248,中文名
e248,e91,朝代
e248,e656,类型
e502,e502,中文名
e502,e415,朝代
e502,e54,类型
e902,e902,中文名
e902,e1459,朝代
e902,e709,类型
e1176,e1176,中文名
e1176,e1459,朝代
e741,e741,中文名
e741,e91,朝代
e741,e656,类型
e1291,e1291,中文名
e1291,e1459,朝代
e1291,e656,类型
e294,e294,中文名
e294,e62,朝代
e294,e106,类型
e1416,e1416,中文名
e1416,e1459,朝代
e1416,e106,类型
e1306,e1306,中文名
e1306,e424,朝代
e1201,e1201,中文名
e1201,e326,朝代
e1201,e656,类型
e943,e943,中文名
e943,e424,朝代
e943,e656,类型
e943,e979,意义
e1087,e1087,中文名
e1087,e1459,朝代
e1087,e656,类型
e461,e461,中文名
e461,e1314,朝代
e461,e97,类型
e461,e979,意义
e928,e928,中文名
e928,e91,朝代
e928,e656,类型
e606,e606,中文名
e606,e1314,朝代
e606,e97,类型
e1409,e1409,中文名
e1409,e62,朝代
e1409,e106,类型
e1409,e979,意义
e1256,e1256,中文名
e1256,e453,朝代
e1256,e709,类型
e148,e148,中文名
e148,e836,朝代
e148,e1412,类型
e1100,e1100,中文名
e1100,e1459,朝代
e1100,e656,类型
e1170,e1170,中文名
e1170,e147,朝代
e1170,e106,类型
e328,e328,中文名
e328,e1459,朝代
e328,e106,类型
e1323,e1323,中文名
e1323,e874,朝代
e1323,e106,类型
e154,e154,中文名
e154,e874,朝代
e154,e106,类型
e154,e797,纹饰
e207,e207,中文名
e207,e1187,朝代
e207,e106,类型
e877,e877,中文名
e877,e1187,朝代
e877,e106,类型
e798,e798,中文名
e798,e1011,朝代
e798,e106,类型
e84,e84,中文名
e84,e1314,朝代
e84,e54,类型
e84,e777,窑口
e609,e609,中文名
e609,e984,朝代
e609,e97,类型
e609,e777,窑口
e609,e799,纹饰
e609,e979,意义
e189,e189,中文名
e189,e984,朝代
e189,e106,类型
e189,e777,窑口
e189,e343,纹饰
e750,e750,中文名
e750,e62,朝代
e750,e106,类型
e750,e284,窑口
e693,e693,中文名
e693,e526,朝代
e693,e97,类型
e751,e751,中文名
e751,e526,朝代
e751,e106,类型
e751,e343,纹饰
e208,e208,中文名
e208,e526,朝代
e208,e106,类型
e208,e343,纹饰
e912,e912,中文名
e912,e526,朝代
e912,e106,类型
e1284,e1284,中文名
e1284,e984,朝代
e1284,e97,类型
e1284,e862,纹饰
e1284,e1016,形状
e7,e7,中文名
e7,e526,朝代
e7,e106,类型
e7,e797,纹饰
e744,e744,中文名
e744,e526,朝代
e744,e106,类型
e459,e459,中文名
e459,e526,朝代
e459,e97,类型
e459,e1016,形状
e459,e979,意义
e1462,e1462,中文名
e1462,e984,朝代
e1462,e106,类型
e3,e3,中文名
e3,e526,朝代
e3,e97,类型
e3,e343,纹饰
e172,e172,中文名
e172,e984,朝代
e172,e97,类型
e172,e343,纹饰
e1237,e1237,中文名
e1237,e526,朝代
e1237,e106,类型
e125,e125,中文名
e125,e526,朝代
e125,e106,类型
e515,e515,中文名
e515,e984,朝代
e515,e106,类型
e515,e621,纹饰
e515,e783,意义
e1439,e1439,中文名
e1439,e984,朝代
e1439,e97,类型
e1349,e1349,中文名
e1349,e526,朝代
e1349,e97,类型
e1349,e799,纹饰
e6,e6,中文名
e6,e526,朝代
e6,e97,类型
e1423,e1423,中文名
e1423,e984,朝代
e1423,e97,类型
e1423,e666,纹饰
e525,e525,中文名
e525,e984,朝代
e525,e97,类型
e525,e160,纹饰
e49,e49,中文名
e49,e984,朝代
e49,e97,类型
e1457,e1457,中文名
e1457,e526,朝代
e1457,e97,类型
e1457,e621,纹饰
e1457,e979,意义
e864,e864,中文名
e864,e526,朝代
e864,e97,类型
e864,e621,纹饰
e1324,e1324,中文名
e1324,e526,朝代
e1324,e97,类型
e1324,e621,纹饰
e1324,e1016,形状
e1324,e979,意义
e1461,e1461,中文名
e1461,e984,朝代
e1461,e97,类型
e626,e626,中文名
e626,e984,朝代
e626,e97,类型
e626,e160,纹饰
e1309,e1309,中文名
e1309,e984,朝代
e1309,e97,类型
e308,e308,中文名
e308,e526,朝代
e308,e97,类型
e308,e621,纹饰
e308,e979,意义
e312,e312,中文名
e312,e526,朝代
e312,e97,类型
e192,e192,中文名
e192,e279,朝代
e192,e106,类型
e1343,e1343,中文名
e1343,e382,朝代
e1343,e656,类型
e1343,e152,纹饰
e120,e120,中文名
e120,e424,朝代
e120,e106,类型
e1394,e1394,中文名
e1394,e984,朝代
e1394,e97,类型
e1394,e777,窑口
e1394,e621,纹饰
e1394,e1016,形状
e905,e905,中文名
e905,e382,朝代
e905,e765,意义
e18,e18,中文名
e18,e836,朝代
e18,e1412,类型
e18,e533,窑口
e18,e621,纹饰
e687,e687,中文名
e687,e1459,朝代
e687,e343,纹饰
e687,e1016,形状
e687,e783,意义
e1377,e1377,中文名
e1377,e424,朝代
e1377,e1016,形状
e1377,e180,意义
e870,e870,中文名
e870,e1459,朝代
e870,e1016,形状
e1270,e1270,中文名
e1270,e1459,朝代
e613,e613,中文名
e613,e424,朝代
e613,e1016,形状
e1247,e1247,中文名
e1247,e1459,朝代
e685,e685,中文名
e685,e424,朝代
e685,e1016,形状
e197,e197,中文名
e197,e424,朝代
e197,e765,意义
e1213,e1213,中文名
e1213,e424,朝代
e26,e26,中文名
e26,e424,朝代
e673,e673,中文名
e673,e1314,朝代
e673,e656,类型
e673,e777,窑口
e923,e923,中文名
e923,e1301,朝代
e923,e106,类型
e923,e1038,窑口
e179,e179,中文名
e179,e1301,朝代
e179,e106,类型
e179,e615,窑口
e179,e797,纹饰
e281,e281,中文名
e281,e1301,朝代
e281,e106,类型
e281,e186,窑口
e900,e900,中文名
e900,e1301,朝代
e900,e106,类型
e900,e233,窑口
e1441,e1441,中文名
e1441,e1301,朝代
e1441,e106,类型
e1441,e233,窑口
e1441,e797,纹饰
e407,e407,中文名
e407,e279,朝代
e407,e39,类型
e407,e1038,窑口
e935,e935,中文名
e935,e279,朝代
e935,e106,类型
e935,e615,窑口
e935,e621,纹饰
e697,e697,中文名
e697,e279,朝代
e697,e106,类型
e697,e298,窑口
e484,e484,中文名
e484,e279,朝代
e484,e106,类型
e484,e298,窑口
e1275,e1275,中文名
e1275,e326,朝代
e1275,e97,类型
e1275,e777,窑口
e1275,e1275,中文名
e1275,e326,朝代
e1275,e97,类型
e1275,e777,窑口
e486,e486,中文名
e486,e1459,朝代
e486,e709,类型
e486,e170,窑口
e510,e510,中文名
e510,e91,朝代
e510,e709,类型
e510,e170,窑口
e528,e528,中文名
e528,e424,朝代
e528,e709,类型
e528,e170,窑口
e528,e1016,形状
e652,e652,中文名
e652,e1459,朝代
e652,e106,类型
e652,e1203,窑口
e1401,e1401,中文名
e1401,e1459,朝代
e1401,e106,类型
e1401,e1203,窑口
e201,e201,中文名
e201,e1459,朝代
e201,e106,类型
e201,e1203,窑口
e1101,e1101,中文名
e1101,e147,朝代
e1101,e106,类型
e1101,e1203,窑口
e919,e919,中文名
e919,e1459,朝代
e919,e106,类型
e919,e1203,窑口
e612,e612,中文名
e612,e1221,朝代
e612,e97,类型
e612,e777,窑口
e553,e553,中文名
e553,e1329,朝代
e553,e534,类型
e553,e317,纹饰
e553,e783,意义
e553,e1016,形状
e446,e446,中文名
e446,e836,朝代
e446,e106,类型
e446,e284,窑口
e119,e119,中文名
e119,e682,朝代
e119,e411,类型
e119,e380,窑口
e1408,e1408,中文名
e1408,e62,朝代
e1408,e957,类型
e1408,e777,窑口
e1408,e621,纹饰
e220,e220,中文名
e220,e836,朝代
e220,e159,类型
e220,e777,窑口
e342,e342,中文名
e342,e836,朝代
e342,e159,类型
e342,e777,窑口
e342,e471,纹饰
e1062,e1062,中文名
e1062,e836,朝代
e1062,e159,类型
e1062,e777,窑口
e1062,e797,纹饰
e1062,e1016,形状
e1106,e1106,中文名
e1106,e836,朝代
e1106,e106,类型
e1106,e284,窑口
e1106,e797,纹饰
e1212,e1212,中文名
e1212,e836,朝代
e1212,e106,类型
e1212,e284,窑口
e1212,e797,纹饰
e1042,e1042,中文名
e1042,e836,朝代
e1042,e106,类型
e1042,e1038,窑口
e1042,e340,纹饰
e1260,e1260,中文名
e1260,e836,朝代
e1260,e106,类型
e1260,e1038,窑口
e827,e827,中文名
e827,e836,朝代
e827,e106,类型
e827,e1038,窑口
e480,e480,中文名
e480,e836,朝代
e480,e106,类型
e480,e1038,窑口
e1102,e1102,中文名
e1102,e1329,朝代
e1102,e1209,类型
e1426,e1426,中文名
e1426,e1329,朝代
e1426,e1209,类型
e1426,e797,纹饰
e191,e191,中文名
e191,e1329,朝代
e191,e534,类型
e191,e317,纹饰
e191,e1016,形状
e898,e898,中文名
e898,e1329,朝代
e898,e534,类型
e898,e797,纹饰
e898,e1016,形状
e898,e783,意义
e1279,e1279,中文名
e1279,e682,朝代
e1279,e1357,类型
e1279,e596,窑口
e1279,e797,纹饰
e1199,e1199,中文名
e1199,e682,朝代
e1199,e411,类型
e1199,e369,窑口
e139,e139,中文名
e139,e682,朝代
e139,e411,类型
e139,e596,窑口
e139,e797,纹饰
e566,e566,中文名
e566,e682,朝代
e566,e534,类型
e566,e310,窑口
e1360,e1360,中文名
e1360,e682,朝代
e1360,e251,类型
e1360,e728,窑口
e885,e885,中文名
e885,e196,朝代
e885,e957,类型
e885,e777,窑口
e420,e420,中文名
e420,e267,朝代
e420,e957,类型
e420,e777,窑口
e204,e204,中文名
e204,e267,朝代
e204,e957,类型
e204,e777,窑口
e12,e12,中文名
e12,e500,朝代
e12,e957,类型
e12,e777,窑口
e12,e343,纹饰
e1415,e1415,中文名
e1415,e984,朝代
e1415,e957,类型
e1415,e777,窑口
e258,e258,中文名
e258,e453,朝代
e258,e54,类型
e258,e777,窑口
e258,e621,纹饰
e1265,e1265,中文名
e1265,e994,朝代
e1265,e54,类型
e1265,e777,窑口
e1265,e979,意义
e1378,e1378,中文名
e1378,e196,朝代
e1378,e54,类型
e1378,e777,窑口
e1378,e621,纹饰
e1378,e1016,形状
e45,e45,中文名
e45,e196,朝代
e45,e54,类型
e45,e777,窑口
e45,e343,纹饰
e45,e979,意义
e1298,e1298,中文名
e1298,e735,朝代
e1298,e97,类型
e1298,e777,窑口
e1298,e621,纹饰
e1298,e783,意义
e620,e620,中文名
e620,e735,朝代
e620,e97,类型
e620,e777,窑口
e620,e920,纹饰
e620,e783,意义
e637,e637,中文名
e637,e735,朝代
e637,e97,类型
e637,e777,窑口
e637,e343,纹饰
e418,e418,中文名
e418,e735,朝代
e418,e97,类型
e418,e777,窑口
e418,e621,纹饰
e418,e979,意义
e418,e1016,形状
e823,e823,中文名
e823,e735,朝代
e823,e97,类型
e823,e777,窑口
e823,e621,纹饰
e823,e979,意义
e1043,e1043,中文名
e1043,e735,朝代
e1043,e97,类型
e1043,e777,窑口
e1043,e621,纹饰
e1043,e783,意义
e826,e826,中文名
e826,e424,朝代
e826,e656,类型
e826,e777,窑口
e753,e753,中文名
e753,e424,朝代
e753,e656,类型
e753,e777,窑口
e1168,e1168,中文名
e1168,e424,朝代
e1168,e656,类型
e1168,e777,窑口
e457,e457,中文名
e457,e424,朝代
e457,e106,类型
e457,e777,窑口
e1129,e1129,中文名
e1129,e424,朝代
e1129,e656,类型
e1129,e777,窑口
e414,e414,中文名
e414,e147,朝代
e414,e1136,类型
e414,e777,窑口
e414,e979,意义
e14,e14,中文名
e14,e1314,朝代
e14,e1241,类型
e14,e777,窑口
e322,e322,中文名
e322,e279,朝代
e322,e911,类型
e1442,e1442,中文名
e1442,e279,朝代
e1442,e911,类型
e1005,e1005,中文名
e1005,e279,朝代
e1005,e911,类型
e348,e348,中文名
e348,e279,朝代
e348,e911,类型
e570,e570,中文名
e570,e279,朝代
e570,e911,类型
e388,e388,中文名
e388,e279,朝代
e388,e106,类型
e388,e1016,形状
e853,e853,中文名
e853,e279,朝代
e853,e106,类型
e853,e233,窑口
e853,e1016,形状
e1339,e1339,中文名
e1339,e279,朝代
e1339,e106,类型
e1339,e797,纹饰
e283,e283,中文名
e283,e424,朝代
e283,e1241,类型
e283,e777,窑口
e283,e1016,形状
e1252,e1252,中文名
e1252,e147,朝代
e1252,e106,类型
e1252,e777,窑口
e266,e266,中文名
e266,e424,朝代
e266,e106,类型
e266,e777,窑口
e266,e1016,形状
e1122,e1122,中文名
e1122,e424,朝代
e1122,e656,类型
e1122,e777,窑口
e947,e947,中文名
e947,e424,朝代
e947,e97,类型
e947,e777,窑口
e1477,e1477,中文名
e1477,e424,朝代
e1477,e656,类型
e1477,e777,窑口
e1113,e1113,中文名
e1113,e424,朝代
e1113,e656,类型
e1113,e777,窑口
e908,e908,中文名
e908,e424,朝代
e908,e656,类型
e908,e777,窑口
e908,e336,纹饰
e908,e1016,形状
e745,e745,中文名
e745,e91,朝代
e745,e656,类型
e745,e777,窑口
e745,e621,纹饰
e222,e222,中文名
e222,e424,朝代
e222,e656,类型
e222,e777,窑口
e222,e979,意义
e503,e503,中文名
e503,e424,朝代
e503,e656,类型
e503,e777,窑口
e503,e1016,形状
e80,e80,中文名
e80,e424,朝代
e80,e656,类型
e80,e777,窑口
e173,e173,中文名
e173,e682,朝代
e173,e1357,类型
e173,e596,窑口
e815,e815,中文名
e815,e699,朝代
e815,e106,类型
e815,e797,纹饰
e94,e94,中文名
e94,e984,朝代
e94,e97,类型
e94,e777,窑口
e94,e920,纹饰
e94,e979,意义
e1179,e1179,中文名
e1179,e424,朝代
e1179,e97,类型
e1179,e777,窑口
e1179,e979,意义
e601,e601,中文名
e601,e682,朝代
e601,e251,类型
e601,e555,窑口
e601,e317,纹饰
e601,e1016,形状
e545,e545,中文名
e545,e320,朝代
e545,e97,类型
e545,e777,窑口
e545,e343,纹饰
e545,e1016,形状
e545,e783,意义
e1231,e1231,中文名
e1231,e836,朝代
e1231,e106,类型
e1231,e284,窑口
e1436,e1436,中文名
e1436,e836,朝代
e1436,e106,类型
e1436,e715,窑口
e1281,e1281,中文名
e1281,e279,朝代
e1281,e911,类型
e1450,e1450,中文名
e1450,e682,朝代
e1450,e411,类型
e1450,e380,窑口
e364,e364,中文名
e364,e851,朝代
e364,e1136,类型
e364,e777,窑口
e1080,e1080,中文名
e1080,e62,朝代
e1080,e106,类型
e1080,e284,窑口
e1080,e797,纹饰
e1080,e979,意义
e1406,e1406,中文名
e1406,e791,朝代
e1406,e106,类型
e1406,e1465,窑口
e1406,e1016,形状
e277,e277,中文名
e277,e320,朝代
e277,e97,类型
e277,e118,窑口
e1455,e1455,中文名
e1455,e196,朝代
e1455,e54,类型
e1455,e777,窑口
e1455,e797,纹饰
e99,e99,中文名
e99,e836,朝代
e99,e106,类型
e99,e1038,窑口
e99,e797,纹饰
e608,e608,中文名
e608,e836,朝代
e608,e106,类型
e608,e375,窑口
e1470,e1470,中文名
e1470,e836,朝代
e1470,e106,类型
e1470,e233,窑口
e1470,e621,纹饰
e1464,e1464,中文名
e1464,e836,朝代
e1464,e106,类型
e1464,e233,窑口
e1464,e206,纹饰
e1464,e783,意义
e66,e66,中文名
e66,e836,朝代
e66,e106,类型
e66,e233,窑口
e1012,e1012,中文名
e1012,e836,朝代
e1012,e106,类型
e1012,e233,窑口
e1012,e920,纹饰
e1061,e1061,中文名
e1061,e836,朝代
e1061,e106,类型
e1061,e214,窑口
e177,e177,中文名
e177,e836,朝代
e177,e106,类型
e177,e214,窑口
e188,e188,中文名
e188,e836,朝代
e188,e106,类型
e188,e351,窑口
e1433,e1433,中文名
e1433,e279,朝代
e1433,e106,类型
e249,e249,中文名
e249,e279,朝代
e249,e106,类型
e249,e1016,形状
e635,e635,中文名
e635,e682,朝代
e635,e251,类型
e635,e1303,窑口
e730,e730,中文名
e730,e682,朝代
e730,e411,类型
e730,e380,窑口
e1022,e1022,中文名
e1022,e682,朝代
e1022,e411,类型
e1022,e380,窑口
e1132,e1132,中文名
e1132,e682,朝代
e1132,e1209,类型
e1132,e380,窑口
e1132,e1016,形状
e231,e231,中文名
e231,e682,朝代
e231,e411,类型
e231,e380,窑口
e231,e1016,形状
e313,e313,中文名
e313,e682,朝代
e313,e411,类型
e313,e380,窑口
e631,e631,中文名
e631,e147,朝代
e631,e97,类型
e631,e777,窑口
e631,e343,纹饰
e631,e385,意义
e29,e29,中文名
e29,e62,朝代
e29,e106,类型
e29,e170,窑口
e29,e1016,形状
e776,e776,中文名
e776,e62,朝代
e776,e106,类型
e776,e784,窑口
e60,e60,中文名
e60,e62,朝代
e60,e106,类型
e60,e170,窑口
e223,e223,中文名
e223,e196,朝代
e223,e54,类型
e223,e777,窑口
e223,e621,纹饰
e223,e1016,形状
e662,e662,中文名
e662,e196,朝代
e662,e54,类型
e662,e777,窑口
e662,e979,意义
e1077,e1077,中文名
e1077,e453,朝代
e1077,e1136,类型
e1077,e777,窑口
e425,e425,中文名
e425,e453,朝代
e425,e1136,类型
e425,e777,窑口
e425,e979,意义
e1144,e1144,中文名
e1144,e453,朝代
e1144,e1136,类型
e1144,e777,窑口
e1144,e218,纹饰
e1144,e783,意义
e670,e670,中文名
e670,e994,朝代
e670,e1136,类型
e670,e777,窑口
e670,e621,纹饰
e960,e960,中文名
e960,e994,朝代
e960,e1136,类型
e960,e777,窑口
e960,e979,意义
e1048,e1048,中文名
e1048,e994,朝代
e1048,e1136,类型
e1048,e777,窑口
e1048,e218,纹饰
e1048,e783,意义
e271,e271,中文名
e271,e453,朝代
e271,e97,类型
e271,e777,窑口
e271,e920,纹饰
e512,e512,中文名
e512,e453,朝代
e512,e97,类型
e512,e777,窑口
e512,e979,意义
e1215,e1215,中文名
e1215,e453,朝代
e1215,e97,类型
e1215,e777,窑口
e1215,e1016,形状
e1215,e979,意义
e895,e895,中文名
e895,e1388,朝代
e895,e106,类型
e895,e777,窑口
e584,e584,中文名
e584,e326,朝代
e584,e106,类型
e584,e777,窑口
e166,e166,中文名
e166,e541,朝代
e166,e106,类型
e166,e777,窑口
e452,e452,中文名
e452,e415,朝代
e452,e106,类型
e452,e777,窑口
e452,e979,意义
e927,e927,中文名
e927,e382,朝代
e927,e106,类型
e927,e777,窑口
e1307,e1307,中文名
e1307,e1388,朝代
e1307,e83,类型
e1307,e137,窑口
e683,e683,中文名
e683,e326,朝代
e683,e656,类型
e683,e777,窑口
e67,e67,中文名
e67,e326,朝代
e67,e656,类型
e67,e777,窑口
e67,e206,纹饰
e67,e1016,形状
e67,e783,意义
e550,e550,中文名
e550,e541,朝代
e550,e656,类型
e550,e777,窑口
e585,e585,中文名
e585,e415,朝代
e585,e656,类型
e585,e777,窑口
e585,e1016,形状
e585,e979,意义
e332,e332,中文名
e332,e382,朝代
e332,e656,类型
e332,e777,窑口
e864,e864,中文名
e864,e1388,朝代
e864,e97,类型
e864,e777,窑口
e864,e621,纹饰
e1400,e1400,中文名
e1400,e279,朝代
e1400,e106,类型
e1400,e1016,形状
e323,e323,中文名
e323,e279,朝代
e323,e106,类型
e449,e449,中文名
e449,e182,朝代
e449,e106,类型
e449,e797,纹饰
e971,e971,中文名
e971,e182,朝代
e971,e106,类型
e901,e901,中文名
e901,e182,朝代
e901,e106,类型
e557,e557,中文名
e557,e1251,朝代
e557,e106,类型
e557,e160,纹饰
e557,e1016,形状
e1044,e1044,中文名
e1044,e874,朝代
e1044,e106,类型
e392,e392,中文名
e392,e874,朝代
e392,e106,类型
e775,e775,中文名
e775,e1314,朝代
e775,e656,类型
e775,e777,窑口
e242,e242,中文名
e242,e1314,朝代
e242,e656,类型
e242,e777,窑口
e242,e979,意义
e1218,e1218,中文名
e1218,e147,朝代
e1218,e656,类型
e1218,e777,窑口
e270,e270,中文名
e270,e424,朝代
e270,e1075,类型
e270,e777,窑口
e86,e86,中文名
e86,e424,朝代
e86,e1075,类型
e86,e777,窑口
e347,e347,中文名
e347,e424,朝代
e347,e1075,类型
e347,e777,窑口
e347,e797,纹饰
e347,e979,意义
e1039,e1039,中文名
e1039,e1314,朝代
e1039,e1075,类型
e1039,e777,窑口
e325,e325,中文名
e325,e147,朝代
e325,e1075,类型
e325,e777,窑口
e325,e1016,形状
e906,e906,中文名
e906,e147,朝代
e906,e1075,类型
e906,e777,窑口
e906,e1016,形状
e1058,e1058,中文名
e1058,e320,朝代
e1058,e106,类型
e1058,e375,窑口
e1058,e797,纹饰
e1058,e783,意义
e1340,e1340,中文名
e1340,e836,朝代
e1340,e106,类型
e1340,e351,窑口
e1155,e1155,中文名
e1155,e326,朝代
e1155,e97,类型
e1155,e777,窑口
e1155,e705,纹饰
e1155,e783,意义
e1169,e1169,中文名
e1169,e62,朝代
e1169,e97,类型
e1169,e1328,窑口
e1169,e621,纹饰
e1169,e979,意义
e1169,e1016,形状
e704,e704,中文名
e704,e320,朝代
e704,e106,类型
e704,e375,窑口
e628,e628,中文名
e628,e320,朝代
e628,e106,类型
e628,e375,窑口
e628,e1016,形状
e1271,e1271,中文名
e1271,e320,朝代
e1271,e106,类型
e1271,e343,纹饰
e88,e88,中文名
e88,e320,朝代
e88,e97,类型
e88,e343,纹饰
e88,e979,意义
e399,e399,中文名
e399,e320,朝代
e399,e97,类型
e399,e797,纹饰
e399,e385,意义
e1149,e1149,中文名
e1149,e320,朝代
e1149,e97,类型
e1149,e343,纹饰
e275,e275,中文名
e275,e320,朝代
e275,e97,类型
e275,e797,纹饰
e1432,e1432,中文名
e1432,e320,朝代
e1432,e97,类型
e1432,e797,纹饰
e718,e718,中文名
e718,e1310,朝代
e718,e296,类型
e718,e797,纹饰
e718,e1016,形状
e1333,e1333,中文名
e1333,e1310,朝代
e1333,e97,类型
e592,e592,中文名
e592,e1310,朝代
e592,e97,类型
e592,e797,纹饰
e592,e783,意义
e306,e306,中文名
e306,e932,朝代
e306,e106,类型
e306,e797,纹饰
e954,e954,中文名
e954,e699,朝代
e954,e106,类型
e954,e1225,纹饰
e67,e67,中文名
e67,e326,朝代
e67,e656,类型
e67,e777,窑口
e67,e206,纹饰
e67,e1016,形状
e67,e783,意义
e1150,e1150,中文名
e1150,e424,朝代
e1150,e106,类型
e1150,e777,窑口
e315,e315,中文名
e315,e1314,朝代
e315,e1075,类型
e315,e777,窑口
e1382,e1382,中文名
e1382,e1314,朝代
e1382,e1075,类型
e1382,e777,窑口
e590,e590,中文名
e590,e424,朝代
e590,e1075,类型
e590,e777,窑口
e590,e1016,形状
e590,e979,意义
e228,e228,中文名
e228,e424,朝代
e228,e656,类型
e228,e777,窑口
e228,e206,纹饰
e228,e783,意义
e255,e255,中文名
e255,e147,朝代
e255,e54,类型
e255,e777,窑口
e349,e349,中文名
e349,e836,朝代
e349,e106,类型
e349,e351,窑口
e349,e1016,形状
e1178,e1178,中文名
e1178,e62,朝代
e1178,e106,类型
e1178,e284,窑口
e487,e487,中文名
e487,e62,朝代
e487,e106,类型
e487,e1203,窑口
e487,e343,纹饰
e487,e783,意义
e724,e724,中文名
e724,e62,朝代
e724,e106,类型
e724,e1203,窑口
e757,e757,中文名
e757,e500,朝代
e757,e106,类型
e757,e777,窑口
e757,e797,纹饰
e1090,e1090,中文名
e1090,e994,朝代
e1090,e106,类型
e1090,e777,窑口
e1090,e920,纹饰
e872,e872,中文名
e872,e994,朝代
e872,e106,类型
e872,e777,窑口
e366,e366,中文名
e366,e526,朝代
e366,e106,类型
e366,e777,窑口
e618,e618,中文名
e618,e526,朝代
e618,e106,类型
e618,e777,窑口
e1089,e1089,中文名
e1089,e453,朝代
e1089,e106,类型
e1089,e777,窑口
e1089,e343,纹饰
e1089,e783,意义
e1091,e1091,中文名
e1091,e1434,朝代
e1091,e97,类型
e1091,e777,窑口
e1091,e343,纹饰
e371,e371,中文名
e371,e994,朝代
e371,e97,类型
e371,e777,窑口
e371,e979,意义
e1010,e1010,中文名
e1010,e994,朝代
e1010,e97,类型
e1010,e777,窑口
e1010,e343,纹饰
e993,e993,中文名
e993,e267,朝代
e993,e97,类型
e993,e777,窑口
e993,e343,纹饰
e213,e213,中文名
e213,e500,朝代
e213,e97,类型
e213,e777,窑口
e213,e799,纹饰
e213,e783,意义
e648,e648,中文名
e648,e196,朝代
e648,e97,类型
e648,e777,窑口
e648,e621,纹饰
e648,e783,意义
e660,e660,中文名
e660,e104,朝代
e660,e97,类型
e660,e777,窑口
e660,e152,纹饰
e660,e979,意义
e397,e397,中文名
e397,e1355,朝代
e397,e97,类型
e397,e777,窑口
e397,e206,纹饰
e397,e783,意义
e890,e890,中文名
e890,e1355,朝代
e890,e97,类型
e890,e777,窑口
e890,e1016,形状
e890,e979,意义
e1374,e1374,中文名
e1374,e1160,朝代
e1374,e97,类型
e1374,e777,窑口
e1374,e343,纹饰
e1374,e979,意义
e1045,e1045,中文名
e1045,e1251,朝代
e1045,e106,类型
e1045,e797,纹饰
e1127,e1127,中文名
e1127,e778,朝代
e1127,e106,类型
e1370,e1370,中文名
e1370,e778,朝代
e1370,e106,类型
e1370,e797,纹饰
e1449,e1449,中文名
e1449,e778,朝代
e1449,e106,类型
e1449,e1016,形状
e61,e61,中文名
e61,e1011,朝代
e61,e106,类型
e798,e798,中文名
e798,e1011,朝代
e798,e106,类型
e35,e35,中文名
e35,e1011,朝代
e35,e106,类型
e511,e511,中文名
e511,e1206,朝代
e511,e106,类型
e511,e797,纹饰
e995,e995,中文名
e995,e526,朝代
e995,e957,类型
e995,e777,窑口
e995,e343,纹饰
e995,e783,意义
e1093,e1093,中文名
e1093,e699,朝代
e1093,e106,类型
e1093,e979,意义
e627,e627,中文名
e627,e1459,朝代
e627,e106,类型
e627,e1203,窑口
e882,e882,中文名
e882,e1314,朝代
e882,e106,类型
e882,e777,窑口
e882,e797,纹饰
e1232,e1232,中文名
e1232,e424,朝代
e1232,e106,类型
e1232,e777,窑口
e1250,e1250,中文名
e1250,e932,朝代
e1250,e911,类型
e1250,e797,纹饰
e582,e582,中文名
e582,e836,朝代
e582,e106,类型
e825,e825,中文名
e825,e1310,朝代
e825,e106,类型
e578,e578,中文名
e578,e836,朝代
e578,e106,类型
e1438,e1438,中文名
e1438,e836,朝代
e1438,e106,类型
e1438,e200,窑口
e1438,e845,纹饰
e1438,e979,意义
e891,e891,中文名
e891,e1310,朝代
e891,e106,类型
e891,e1016,形状
e318,e318,中文名
e318,e836,朝代
e318,e106,类型
e1376,e1376,中文名
e1376,e836,朝代
e1376,e106,类型
e1376,e1016,形状
e367,e367,中文名
e367,e836,朝代
e367,e911,类型
e367,e1016,形状
e546,e546,中文名
e546,e836,朝代
e546,e97,类型
e546,e447,窑口
e546,e218,纹饰
e546,e783,意义
e736,e736,中文名
e736,e836,朝代
e736,e97,类型
e736,e118,窑口
e736,e797,纹饰
e736,e1016,形状
e726,e726,中文名
e726,e994,朝代
e726,e106,类型
e726,e777,窑口
e726,e1311,纹饰
e726,e783,意义
e1173,e1173,中文名
e1173,e267,朝代
e1173,e106,类型
e1173,e777,窑口
e1173,e621,纹饰
e157,e157,中文名
e157,e526,朝代
e157,e106,类型
e157,e777,窑口
e1466,e1466,中文名
e1466,e526,朝代
e1466,e106,类型
e1466,e777,窑口
e744,e744,中文名
e744,e984,朝代
e744,e106,类型
e744,e777,窑口
e953,e953,中文名
e953,e984,朝代
e953,e106,类型
e953,e777,窑口
e142,e142,中文名
e142,e984,朝代
e142,e106,类型
e142,e777,窑口
e616,e616,中文名
e616,e994,朝代
e616,e957,类型
e616,e777,窑口
e616,e920,纹饰
e860,e860,中文名
e860,e453,朝代
e860,e957,类型
e860,e777,窑口
e860,e343,纹饰
e561,e561,中文名
e561,e453,朝代
e561,e957,类型
e561,e777,窑口
e561,e343,纹饰
e561,e1016,形状
e493,e493,中文名
e493,e994,朝代
e493,e957,类型
e493,e777,窑口
e493,e343,纹饰
e558,e558,中文名
e558,e836,朝代
e558,e1412,类型
e558,e920,纹饰
e558,e1016,形状
e1165,e1165,中文名
e1165,e1160,朝代
e1165,e97,类型
e1165,e777,窑口
e1165,e621,纹饰
e1165,e979,意义
e260,e260,中文名
e260,e526,朝代
e260,e97,类型
e260,e777,窑口
e260,e218,纹饰
e260,e783,意义
e421,e421,中文名
e421,e526,朝代
e421,e97,类型
e421,e777,窑口
e421,e343,纹饰
e305,e305,中文名
e305,e526,朝代
e305,e97,类型
e305,e777,窑口
e1285,e1285,中文名
e1285,e526,朝代
e1285,e97,类型
e1285,e777,窑口
e1285,e799,纹饰
e1309,e1309,中文名
e1309,e984,朝代
e1309,e97,类型
e1309,e777,窑口
e879,e879,中文名
e879,e984,朝代
e879,e97,类型
e879,e777,窑口
e879,e920,纹饰
e879,e979,意义
e77,e77,中文名
e77,e984,朝代
e77,e97,类型
e77,e777,窑口
e77,e621,纹饰
e77,e783,意义
e941,e941,中文名
e941,e279,朝代
e941,e106,类型
e941,e254,窑口
e276,e276,中文名
e276,e279,朝代
e276,e106,类型
e17,e17,中文名
e17,e279,朝代
e17,e106,类型
e316,e316,中文名
e316,e279,朝代
e316,e106,类型
e1368,e1368,中文名
e1368,e279,朝代
e1368,e106,类型
e1368,e241,窑口
e1368,e797,纹饰
e714,e714,中文名
e714,e279,朝代
e714,e911,类型
e714,e1016,形状
e782,e782,中文名
e782,e279,朝代
e782,e911,类型
e782,e1016,形状
e1120,e1120,中文名
e1120,e279,朝代
e1120,e911,类型
e1373,e1373,中文名
e1373,e699,朝代
e1373,e106,类型
e1373,e1016,形状
e69,e69,中文名
e69,e699,朝代
e69,e106,类型
e57,e57,中文名
e57,e699,朝代
e57,e106,类型
e217,e217,中文名
e217,e699,朝代
e217,e106,类型
e217,e797,纹饰
e610,e610,中文名
e610,e699,朝代
e610,e106,类型
e610,e840,纹饰
e1079,e1079,中文名
e1079,e1206,朝代
e1079,e13,类型
e1079,e797,纹饰
e122,e122,中文名
e122,e865,朝代
e122,e607,类型
e122,e797,纹饰
e101,e101,中文名
e101,e865,朝代
e101,e607,类型
e101,e797,纹饰
e101,e1016,形状
e936,e936,中文名
e936,e865,朝代
e936,e607,类型
e936,e1225,纹饰
e761,e761,中文名
e761,e1329,朝代
e761,e607,类型
e761,e797,纹饰
e1276,e1276,中文名
e1276,e984,朝代
e1276,e97,类型
e1276,e777,窑口
e661,e661,中文名
e661,e279,朝代
e661,e911,类型
e339,e339,中文名
e339,e424,朝代
e339,e106,类型
e339,e777,窑口
e339,e180,意义
e1235,e1235,中文名
e1235,e424,朝代
e1235,e106,类型
e1235,e777,窑口
e115,e115,中文名
e115,e424,朝代
e115,e106,类型
e115,e777,窑口
e852,e852,中文名
e852,e424,朝代
e852,e106,类型
e852,e777,窑口
e852,e1016,形状
e490,e490,中文名
e490,e1314,朝代
e490,e106,类型
e490,e777,窑口
e490,e797,纹饰
e490,e979,意义
e975,e975,中文名
e975,e1314,朝代
e975,e106,类型
e975,e777,窑口
e314,e314,中文名
e314,e147,朝代
e314,e106,类型
e314,e777,窑口
e692,e692,中文名
e692,e147,朝代
e692,e106,类型
e692,e777,窑口
e692,e1016,形状
e847,e847,中文名
e847,e147,朝代
e847,e106,类型
e847,e777,窑口
e847,e797,纹饰
e847,e1016,形状
e1070,e1070,中文名
e1070,e147,朝代
e1070,e106,类型
e1070,e777,窑口
e1070,e797,纹饰
e634,e634,中文名
e634,e836,朝代
e634,e106,类型
e634,e944,窑口
e505,e505,中文名
e505,e682,朝代
e505,e251,类型
e505,e555,窑口
e505,e317,纹饰
e505,e1016,形状
e261,e261,中文名
e261,e836,朝代
e261,e106,类型
e261,e284,窑口
e261,e218,纹饰
e261,e783,意义
e839,e839,中文名
e839,e1301,朝代
e839,e106,类型
e820,e820,中文名
e820,e279,朝代
e820,e106,类型
e820,e690,窑口
e1055,e1055,中文名
e1055,e1206,朝代
e1055,e607,类型
e1055,e797,纹饰
e1055,e979,意义
e1236,e1236,中文名
e1236,e267,朝代
e1236,e97,类型
e1236,e777,窑口
e1236,e1016,形状
e1236,e979,意义
e1229,e1229,中文名
e1229,e932,朝代
e1229,e97,类型
e1229,e904,窑口
e1229,e797,纹饰
e609,e609,中文名
e609,e415,朝代
e609,e97,类型
e609,e777,窑口
e609,e1246,纹饰
e530,e530,中文名
e530,e836,朝代
e530,e106,类型
e530,e715,窑口
e837,e837,中文名
e837,e836,朝代
e837,e106,类型
e837,e375,窑口
e837,e1440,纹饰
e134,e134,中文名
e134,e320,朝代
e134,e106,类型
e134,e284,窑口
e1425,e1425,中文名
e1425,e541,朝代
e1425,e97,类型
e1425,e777,窑口
e1425,e343,纹饰
e1425,e783,意义
e1476,e1476,中文名
e1476,e382,朝代
e1476,e97,类型
e1476,e777,窑口
e1476,e621,纹饰
e1476,e783,意义
e1180,e1180,中文名
e1180,e836,朝代
e1180,e106,类型
e1180,e351,窑口
e1180,e797,纹饰
e1439,e1439,中文名
e1439,e984,朝代
e1439,e97,类型
e1439,e777,窑口
e1439,e799,纹饰
e1439,e783,意义
e816,e816,中文名
e816,e735,朝代
e816,e97,类型
e816,e777,窑口
e816,e206,纹饰
e816,e783,意义
e1052,e1052,中文名
e1052,e1314,朝代
e1052,e1075,类型
e1052,e777,窑口
e292,e292,中文名
e292,e147,朝代
e292,e106,类型
e292,e777,窑口
e1420,e1420,中文名
e1420,e424,朝代
e1420,e656,类型
e1420,e777,窑口
e391,e391,中文名
e391,e836,朝代
e391,e159,类型
e391,e777,窑口
e1157,e1157,中文名
e1157,e1314,朝代
e1157,e54,类型
e1157,e777,窑口
e1157,e336,纹饰
e1157,e1016,形状
e95,e95,中文名
e95,e147,朝代
e95,e1136,类型
e95,e777,窑口
e393,e393,中文名
e393,e424,朝代
e393,e1136,类型
e966,e966,中文名
e966,e424,朝代
e966,e106,类型
e966,e777,窑口
e966,e343,纹饰
e464,e464,中文名
e464,e1314,朝代
e464,e106,类型
e464,e777,窑口
e1207,e1207,中文名
e1207,e1314,朝代
e1207,e1075,类型
e1207,e777,窑口
e1207,e1175,纹饰
e1207,e1016,形状
e1125,e1125,中文名
e1125,e147,朝代
e1125,e656,类型
e1125,e777,窑口
e1125,e343,纹饰
e1125,e979,意义
e1133,e1133,中文名
e1133,e836,朝代
e1133,e159,类型
e1133,e777,窑口
e817,e817,中文名
e817,e1314,朝代
e817,e106,类型
e817,e777,窑口
e1128,e1128,中文名
e1128,e320,朝代
e1128,e106,类型
e1128,e777,窑口
e1128,e343,纹饰
e1128,e1016,形状
e1128,e979,意义
e1350,e1350,中文名
e1350,e1314,朝代
e1350,e97,类型
e1350,e777,窑口
e1350,e206,纹饰
e1350,e783,意义
e1104,e1104,中文名
e1104,e735,朝代
e1104,e97,类型
e1104,e777,窑口
e1104,e621,纹饰
e1104,e385,意义
e1033,e1033,中文名
e1033,e1310,朝代
e1033,e97,类型
e1033,e1016,形状
e1479,e1479,中文名
e1479,e836,朝代
e1479,e106,类型
e1479,e214,窑口
e16,e16,中文名
e16,e682,朝代
e16,e251,类型
e16,e365,窑口
e1356,e1356,中文名
e1356,e1011,朝代
e1356,e106,类型
e1356,e785,窑口
e723,e723,中文名
e723,e932,朝代
e723,e106,类型
e723,e797,纹饰
e948,e948,中文名
e948,e424,朝代
e948,e656,类型
e948,e777,窑口
e948,e979,意义
e1383,e1383,中文名
e1383,e424,朝代
e1383,e656,类型
e1383,e777,窑口
e1383,e1016,形状
e27,e27,中文名
e27,e1011,朝代
e27,e106,类型
e602,e602,中文名
e602,e320,朝代
e602,e97,类型
e602,e777,窑口
e602,e1016,形状
e938,e938,中文名
e938,e320,朝代
e938,e97,类型
e938,e777,窑口
e938,e471,纹饰
e938,e385,意义
e770,e770,中文名
e770,e526,朝代
e770,e97,类型
e770,e777,窑口
e744,e744,中文名
e744,e267,朝代
e744,e106,类型
e744,e777,窑口
e90,e90,中文名
e90,e1314,朝代
e90,e656,类型
e90,e777,窑口
e178,e178,中文名
e178,e182,朝代
e178,e106,类型
e263,e263,中文名
e263,e320,朝代
e263,e97,类型
e263,e777,窑口
e587,e587,中文名
e587,e1217,朝代
e587,e607,类型
e587,e797,纹饰
e1171,e1171,中文名
e1171,e836,朝代
e1171,e106,类型
e1171,e375,窑口
e1171,e1440,纹饰
e1140,e1140,中文名
e1140,e1206,朝代
e1140,e381,类型
e1140,e797,纹饰
e1140,e979,意义
e655,e655,中文名
e655,e836,朝代
e655,e39,类型
e655,e962,窑口
e289,e289,中文名
e289,e320,朝代
e289,e97,类型
e289,e777,窑口
e289,e920,纹饰
e289,e979,意义
e892,e892,中文名
e892,e526,朝代
e892,e97,类型
e892,e777,窑口
e892,e621,纹饰
e892,e1016,形状
e892,e979,意义
e1318,e1318,中文名
e1318,e500,朝代
e1318,e106,类型
e1318,e777,窑口
e1318,e797,纹饰
e1318,e1016,形状
e85,e85,中文名
e85,e735,朝代
e85,e97,类型
e85,e777,窑口
e85,e920,纹饰
e85,e783,意义
e738,e738,中文名
e738,e196,朝代
e738,e97,类型
e738,e777,窑口
e738,e343,纹饰
e383,e383,中文名
e383,e994,朝代
e383,e97,类型
e383,e777,窑口
e383,e343,纹饰
e686,e686,中文名
e686,e1251,朝代
e686,e106,类型
e686,e797,纹饰
e151,e151,中文名
e151,e279,朝代
e151,e106,类型
e151,e241,窑口
e151,e797,纹饰
e15,e15,中文名
e15,e836,朝代
e15,e106,类型
e15,e114,窑口
e15,e1016,形状
e15,e783,意义
e455,e455,中文名
e455,e382,朝代
e455,e656,类型
e455,e777,窑口
e278,e278,中文名
e278,e182,朝代
e278,e106,类型
e278,e186,窑口
e614,e614,中文名
e614,e182,朝代
e614,e106,类型
e614,e1032,窑口
e1156,e1156,中文名
e1156,e279,朝代
e1156,e106,类型
e1156,e690,窑口
e1366,e1366,中文名
e1366,e320,朝代
e1366,e106,类型
e1366,e777,窑口
e1366,e343,纹饰
e1257,e1257,中文名
e1257,e320,朝代
e1257,e97,类型
e1257,e200,窑口
e1257,e920,纹饰
e987,e987,中文名
e987,e320,朝代
e987,e97,类型
e987,e777,窑口
e987,e797,纹饰
e468,e468,中文名
e468,e836,朝代
e468,e1403,类型
e468,e658,窑口
e952,e952,中文名
e952,e836,朝代
e952,e106,类型
e952,e233,窑口
e952,e979,意义
e129,e129,中文名
e129,e279,朝代
e129,e1403,类型
e129,e331,窑口
e876,e876,中文名
e876,e699,朝代
e876,e106,类型
e876,e797,纹饰
e581,e581,中文名
e581,e836,朝代
e581,e106,类型
e581,e375,窑口
e1316,e1316,中文名
e1316,e836,朝代
e1316,e296,类型
e1316,e494,窑口
e1316,e206,纹饰
e1316,e783,意义
e1278,e1278,中文名
e1278,e699,朝代
e1278,e381,类型
e1278,e797,纹饰
e1278,e979,意义
e1014,e1014,中文名
e1014,e682,朝代
e1014,e251,类型
e1014,e410,窑口
e1014,e218,纹饰
e1014,e783,意义
e539,e539,中文名
e539,e424,朝代
e539,e106,类型
e539,e777,窑口
e427,e427,中文名
e427,e1314,朝代
e427,e106,类型
e427,e777,窑口
e1071,e1071,中文名
e1071,e836,朝代
e1071,e106,类型
e1071,e944,窑口
e1071,e797,纹饰
e1071,e1016,形状
e873,e873,中文名
e873,e1310,朝代
e873,e106,类型
e873,e1038,窑口
e873,e1016,形状
e64,e64,中文名
e64,e778,朝代
e64,e106,类型
e64,e1372,窑口
e64,e1016,形状
e76,e76,中文名
e76,e836,朝代
e76,e106,类型
e76,e715,窑口
e720,e720,中文名
e720,e836,朝代
e720,e106,类型
e720,e715,窑口
e720,e797,纹饰
e1036,e1036,中文名
e1036,e1314,朝代
e1036,e106,类型
e1036,e777,窑口
e1266,e1266,中文名
e1266,e836,朝代
e1266,e106,类型
e1266,e214,窑口
e1266,e1016,形状
e1244,e1244,中文名
e1244,e836,朝代
e1244,e106,类型
e1244,e214,窑口
e1244,e797,纹饰
e319,e319,中文名
e319,e836,朝代
e319,e106,类型
e319,e233,窑口
e319,e1026,纹饰
e319,e1016,形状
e58,e58,中文名
e58,e147,朝代
e58,e1136,类型
e58,e777,窑口
e58,e206,纹饰
e58,e783,意义
e1224,e1224,中文名
e1224,e984,朝代
e1224,e97,类型
e1224,e777,窑口
e548,e548,中文名
e548,e257,朝代
e548,e106,类型
e548,e1038,窑口
e548,e797,纹饰
e112,e112,中文名
e112,e320,朝代
e112,e97,类型
e112,e777,窑口
e112,e206,纹饰
e112,e783,意义
e112,e1016,形状
e1394,e1394,中文名
e1394,e735,朝代
e1394,e97,类型
e1394,e777,窑口
e1394,e586,纹饰
e1394,e979,意义
e854,e854,中文名
e854,e526,朝代
e854,e97,类型
e854,e777,窑口
e854,e343,纹饰
e653,e653,中文名
e653,e424,朝代
e653,e106,类型
e653,e777,窑口
e495,e495,中文名
e495,e320,朝代
e495,e97,类型
e495,e777,窑口
e495,e797,纹饰
e495,e385,意义
e489,e489,中文名
e489,e147,朝代
e489,e1075,类型
e489,e777,窑口
e1001,e1001,中文名
e1001,e836,朝代
e1001,e106,类型
e1001,e1177,窑口
e1001,e1016,形状
e73,e73,中文名
e73,e1314,朝代
e73,e1075,类型
e73,e777,窑口
e61,e61,中文名
e61,e1294,朝代
e61,e106,类型
e61,e979,意义
e1166,e1166,中文名
e1166,e1314,朝代
e1166,e1075,类型
e1166,e777,窑口
e1045,e1045,中文名
e1045,e1251,朝代
e1045,e106,类型
e1045,e797,纹饰
e21,e21,中文名
e21,e1314,朝代
e21,e1075,类型
e21,e777,窑口
e1325,e1325,中文名
e1325,e320,朝代
e1325,e106,类型
e1325,e284,窑口
e1393,e1393,中文名
e1393,e424,朝代
e1393,e656,类型
e1393,e777,窑口
e701,e701,中文名
e701,e1314,朝代
e701,e106,类型
e701,e777,窑口
e701,e797,纹饰
e701,e979,意义
e527,e527,中文名
e527,e836,朝代
e527,e97,类型
e527,e797,纹饰
e527,e1016,形状
e30,e30,中文名
e30,e62,朝代
e30,e106,类型
e30,e973,窑口
e10,e10,中文名
e10,e836,朝代
e10,e106,类型
e10,e375,窑口
e482,e482,中文名
e482,e932,朝代
e482,e106,类型
e482,e797,纹饰
e359,e359,中文名
e359,e320,朝代
e359,e106,类型
e359,e777,窑口
e359,e343,纹饰
e330,e330,中文名
e330,e62,朝代
e330,e106,类型
e330,e1203,窑口
e330,e797,纹饰
e330,e783,意义
e965,e965,中文名
e965,e147,朝代
e965,e97,类型
e965,e777,窑口
e965,e979,意义
e1299,e1299,中文名
e1299,e147,朝代
e1299,e97,类型
e1299,e777,窑口
e1049,e1049,中文名
e1049,e851,朝代
e1049,e1136,类型
e1049,e777,窑口
e540,e540,中文名
e540,e851,朝代
e540,e71,类型
e540,e777,窑口
e796,e796,中文名
e796,e1221,朝代
e796,e1136,类型
e796,e777,窑口
e796,e1016,形状
e896,e896,中文名
e896,e147,朝代
e896,e97,类型
e896,e777,窑口
e896,e1016,形状
e438,e438,中文名
e438,e851,朝代
e438,e97,类型
e438,e777,窑口
e438,e979,意义
e599,e599,中文名
e599,e1197,朝代
e599,e97,类型
e599,e777,窑口
e124,e124,中文名
e124,e453,朝代
e124,e97,类型
e124,e777,窑口
e1444,e1444,中文名
e1444,e62,朝代
e1444,e106,类型
e1444,e170,窑口
e183,e183,中文名
e183,e1314,朝代
e183,e709,类型
e183,e170,窑口
e983,e983,中文名
e983,e62,朝代
e983,e106,类型
e983,e170,窑口
e983,e797,纹饰
e1262,e1262,中文名
e1262,e424,朝代
e1262,e709,类型
e1262,e170,窑口
e1262,e1016,形状
e861,e861,中文名
e861,e836,朝代
e861,e39,类型
e861,e200,窑口
e603,e603,中文名
e603,e424,朝代
e603,e54,类型
e603,e777,窑口
e603,e979,意义
e333,e333,中文名
e333,e1314,朝代
e333,e54,类型
e333,e777,窑口
e803,e803,中文名
e803,e147,朝代
e803,e54,类型
e803,e777,窑口
e1404,e1404,中文名
e1404,e1314,朝代
e1404,e1136,类型
e1404,e777,窑口
e1404,e180,意义
e1354,e1354,中文名
e1354,e1314,朝代
e1354,e1136,类型
e1354,e777,窑口
e1354,e180,意义
e883,e883,中文名
e883,e147,朝代
e883,e1136,类型
e883,e777,窑口
e883,e979,意义
e1312,e1312,中文名
e1312,e147,朝代
e1312,e1136,类型
e1312,e777,窑口
e1312,e797,纹饰
e1312,e979,意义
e1384,e1384,中文名
e1384,e147,朝代
e1384,e1136,类型
e1384,e777,窑口
e1384,e1016,形状
e1139,e1139,中文名
e1139,e424,朝代
e1139,e97,类型
e1139,e777,窑口
e1139,e343,纹饰
e1139,e385,意义
e302,e302,中文名
e302,e1314,朝代
e302,e97,类型
e302,e777,窑口
e302,e920,纹饰
e302,e979,意义
e649,e649,中文名
e649,e1314,朝代
e649,e97,类型
e649,e777,窑口
e649,e385,意义
